id_post,date,text,views,reactions,comments
12280,2025-08-31 11:30:44+00:00,"Что изменится в жизни россиян с 1 сентября

В понедельник вступает в силу сразу несколько законов, которые меняют правила игры в интернете и не только. Спойлеры:

Запретят пользоваться VPN-сервисами и гуглить запрещенные сайты, а на все смартфоны будут предустанавливать Max.

Изучили нововведения за вас и собрали главное на одной странице. Не благодарите:

https://okak.media/",257276,2842,0
10134,2025-03-13 11:06:07+00:00,"Анекдот дня: фитнес-трекер Strava [удаляет](https://www.dcrainmaker.com/2025/03/strava-bans-user-for-running-in-north-korea.html) учетные записи пользователей за занятия спортом в Северной Корее.

Заблокировать могут **даже за виртуальный бег**. Парень в шутку выбрал локацию из КНДР, пока занимался на беговой дорожке. Восстанавливать учетку пришлось через поддержку.",268547,2713,0
9441,2025-01-11 12:04:52+00:00,"Ищем кого угодно в соцсетях через EagleEye. Сервис работает на основе распознавания изображений, так что достаточно одного фото человека.

При желании можно дать подсказку о имени или нике. Профили ищет в YouTube, X(Twitter), Instagram__*__ и Facebook__*__.

Проект опенсорсный, забираем на [GitHub](https://github.com/ThoughtfulDev/EagleEye).

__*Принадлеж__а__т запрещенной в РФ Meta__",382301,1754,0
12117,2025-08-19 19:03:36+00:00,"У второго сезона Fallout появился первый [трейлер](https://www.youtube.com/watch?v=7TsP09cZA7o): локаций из игр обещают еще больше — и все под фирменный саундтрек.

Сериал продолжит историю главных героев Люси и Гуля. На этот раз они отправятся в Нью-Вегас.

Выходит 17 декабря.",171818,896,0
8345,2024-10-11 13:33:42+00:00,"Google открыли для всех пользователей генератор изображений Imagen 3. На фото — результаты генераций по нашим запросам.

Из плюсов:
– Бесплатная;
– Работает быстро и без ограничений по количеству.
– Удобно редактировать изображение, достаточно изменить первоначальный промт и Imagen 3 сгенерирует заново;

Из минусов:
– У бесплатных пользователей не получится сгенерировать людей;
– Качество сильно уступает Midjourney и Flux;

Тестили[ тут](https://deepmind.google/technologies/imagen-3/).",219342,826,0
12839,2025-10-16 14:32:08+00:00,"Вышла большая подборка готовых ИИ-агентов и шаблонов проектов для Claude Code.

Можно получить личного код-ревьюера, ИИ-разработчика, создателя игр или дизайнера интерфейсов и многое другое. 

Забираем бесплатно [по ссылке](https://www.aitmpl.com/agents).",175110,423,0
9935,2025-02-25 07:38:19+00:00,"⚡️ Доллар по **₽85** **?** — данные с сервиса [Profinance](https://www.profinance.ru/currency_usd.asp). Валюта продолжает падать и достигла уровня августа 2024 года. 

Ждём, когда увидим такую же цифру и на других биржах.",281959,2748,0
12508,2025-09-19 15:19:10+00:00,"11-летний айтишник [написал](https://thenewstack.io/meet-the-11-year-old-whose-code-was-adopted-by-a-gaming-giant/) код для целой корпорации: Дамир Булдаков сделал программу, которую купили в Playgama — это крупная платформа с веб-играми.

Дамир свободно пишет на JavaScript и уже заработал свой первый гонорар. Парень учиться кодить с третьего класса. Для этого ему хватает SoloLearn, YouTube и Stack Overflow.

Кажется, другим айтишникам стоит бояться не ChatGPT.",205695,3502,0
12626,2025-10-01 13:40:23+00:00,"Подросток из Казахстана [привлек](https://www.businessinsider.com/nozomio-high-school-dropout-y-combinator-6-million-seed-2025-9) $6 млн для своего стартапа и бросил школу ради карьеры.

Арлан Рахметжанов начал писать код всего три года назад. Тогда только вышел ChatGPT, а ему было 15 лет. В итоге он открыл стартап Nozomio по разработке софта для ИИ-агентов.

Арлан нашел инвесторов в проект за пару месяцев. И главное: **они сами начали ему писать**, потому что он активно ведет LinkedIn и Twitter.

Этот парень настолько крут, что его выгоняли с математики из-за созвона с инвесторами.",176851,3466,0
9210,2024-12-20 14:08:12+00:00,"Йогурты и фитнес-батончики больше **не полезная еда**. Агентство FDA впервые за 30 лет [обновили](https://www.fda.gov/consumers/consumer-updates/fresh-take-what-healthy-means-food-packages) свои рекомендации.

Теперь к здоровой относят только богатую питательными веществами еду: овощи, молочные продукты и злаки, авокадо, орехи, семена, жирная рыба, яйца и оливковое масло.

Полный список [тут.](https://www.dietaryguidelines.gov/sites/default/files/2021-03/Dietary_Guidelines_for_Americans-2020-2025.pdf) Больше не получится делать вид, что мы на правильном питании.",239661,1518,0
8413,2024-10-17 15:37:00+00:00,"Ferrari [представили](https://www.ferrari.com/ru-RU/auto/f80) свой самый мощный суперкар — гибридный F80. 

Авто оснащено тремя двигателями общей мощностью 1200 л.с. Разгон от нуля до 100 км/ч — 2,15 сек, до 200 км/ч — за 5,75 секунды. Максимальная скорость 350 км/ч. 

Стоимость рекордная для компании — €3,6 млн (₽378 млн). Планируют собрать только 799 экземпляров.",217069,1726,0
12285,2025-09-01 11:19:37+00:00,"Бесплатные сервисы для учебы: сделали подборку к 1 сентября на все случаи жизни.

**Курсовые и рефераты**
– [AlphaXiv](https://www.alphaxiv.org/explore). Большая база исследований со встроенным чат-ботом для быстрого анализа;

– [NotebookLM](https://notebooklm.google.com/). Превращает целые учебники в понятные презентации или подкасты, а во вкладке Featured Notebooks есть подробные ресерчи на любую тему;

– [OpenDeepResearcher](https://github.com/mshumer/OpenDeepResearcher). Бесплатный «исследователь» от OpenAI, анализирует сотни источников и пишет за вас научные работы;

– [Yoink](https://www.useyoink.ai/). ИИ-агент, который пишет и редактирует документы в вашем стиле. Можно подключить его к документу Google или файлу в Word;

– [Bexi](https://bexi.ai/ru). За несколько секунд делает сгенерированный текст человечным, поддерживает русский и показывает вероятность обнаружения в ИИ-детекторах.

**На каждый день**
– [Нейросеть Алиса.](https://alice.yandex.ru/) Помогает разбираться со сложными темами, рассуждает, решает задачки, генерит тексты и картинки;

– [CourseCorrect](https://coursecorrect.fyi/). Ищет онлайн-курсы по любой теме, от основ фронтенда до готовки;

– [WolframAlpha](https://www.wolframalpha.com/). Позволяет изучать что угодно, включая математику, историю и географию;

– [Omni Calculator](https://www.omnicalculator.com/). Внутри — 3,5 тыс. различных калькуляторов на любой случай жизни;

– [Listen in English](https://listeninenglish.com/). Помогает выучить язык по отрывкам из кино и сериалов. Есть задания на лексику, грамматику, понимание текста и произношение;

– [Loecsen](https://www.loecsen.com/ru). Экспресс-курсы по 50 популярным языкам мира, включая английский, испанский и японский.

**Генераторы презентаций**
– [Kimi AI](https://www.kimi.com/kimiplus/cvvm7bkheutnihqi2100). Моментально создает слайды с кастомным оформлением, достаточно описать свою идею;

– [Chatslide](https://chatslide.ai/). Готовит презентации на базе** **исследований в любом формате — можно загрузить даже веб-страницу или видео;

– [Gamma 2.0](https://gamma.app/ru). Делает за вас презентации и сайты за пару секунд, можно перевести их сразу на 60 языков;

– [Manus](https://manus.im/). Визуализирует данные и создает на их основе целые презентации.

**Продуктивность**
– [lofizen](https://www.lofizen.co/). Для тех, кто не может работать без фонового шума или музыки. Есть LoFi-биты, звуки дождя, костра или белый шум. Еще доступны таск-менеджер и заметки;

– [NeuroTools](https://neurotools.app/). Сервис сам разбивает задачи на несколько мелких и помогает ускорить работу над любыми делами. Можно пожаловаться на стресс и получить лайфхаки, как с ним справиться.

**На всякий случай**
– [ExcuseYou](https://www.excuseyou.lol/). Генерирует «честные» оправдания для опозданий или пропуска дедлайна;

– [Corrupt-a-file](https://corrupt-a-file.net/). Превращает любой файл в битый и выигрывает вам время доделать задачу.

Пережить учебный год будет в разы легче.",230633,822,0
8114,2024-09-25 06:10:12+00:00,"Исследование: всего 20 минут игры в тетрис [лечит](https://newatlas.com/mental-health/tetris-therapy-ptsd-flashbacks/) ПТСР. Небольшая игровая сессия помогает мозгу справляться с негативными воспоминаниями и снимает стресс.

Напрягая мозг визуально-пространственными задачами, можно перезагрузить его и переключиться на текущий процесс. В итоге прошлые воспоминания становятся менее яркими и болезненными.

Если раскладывать геометрические фигуры полезно для психики, то Minecraft и Lego тоже помогут?",215852,1655,0
10771,2025-05-06 13:34:11+00:00,"Rockstar [выпустили](https://www.youtube.com/watch?v=VQRLujxTm3c) новый трейлер GTA VI.

Ждем 26 мая 2026 года.",235755,2312,0
9338,2024-12-28 12:02:05+00:00,"Появился сайт со всеми налоговыми изменениями в 2025 году. Их оказалось так много, что в ФНС решили упростить нам жизнь.

Изучаем [тут](https://www.nalog.gov.ru/new2025/).",276599,1601,0
11695,2025-07-15 11:29:10+00:00,"На исправлении ошибок ИИ можно заработать: компании [платят](https://futurism.com/companies-fixing-ai-replacement-mistakes) тысячи долларов за фиксы нерабочего кода или спасение плохих текстов.

Например, исправление скучных креативов от ChatGPT может стоить $100 в час. Поиск нерабочей строчки кода для лендинга — $500.

Время оформлять резюме под компании, которые отказались от «живых» сотрудников. Им пригодится помощь.",173786,1074,0
8465,2024-10-23 17:24:13+00:00,"ElevenLabs [выпустили](https://x.com/elevenlabsio/status/1849083718838657186) Voice Design — фишку для создания кастомных голосов. Достаточно придумать персонажа и характеристики его голоса, а нейронка за пару минут сгенерирует сразу три варианта.

Как пользоваться:
Находим вкладку Voices > нажимаем кнопку Add a new voice (справа сверху) > открываем Voice Design > пишем промт и текст для озвучки

Бесплатно попробовать можно [тут.](https://elevenlabs.io/voice-design) На старте дают 10 тыс. кредитов, чего хватит на озвучку целого фильма. С русским языком тоже работает.",244328,626,0
14029,2025-12-31 11:51:36+00:00,"**Авто года**

Тут все просто: спортивные Porsche и BMW против кроссоверов Audi и Xiaomi. Можно голосовать сердцем, но помним, что на Q3 и YU7 быстрее всего накопить...",165560,523,0
13602,2025-12-11 10:06:39+00:00,"Полицейские в США [начали](https://www.washingtonpost.com/nation/2025/12/09/ai-police-suspect-sketch-arizona/) делать фотороботы подозреваемых с помощью ChatGPT — обычно их рисовали от руки.

ИИ-картинки уже использовали для двух дел. В обоих случаях это до сих пор **не помогло найти виновных**. Картинки получились слишком реалистичными, но на них все еще изображены несуществующие люди.

Следующий шаг: «ChatGPT, найди преступника, не совершай ошибок».",159038,1272,0
13799,2025-12-22 07:54:14+00:00,"Лариса Долина попадет в словарь неологизмов 2025 года. Филолог из РАН [назвал](https://ria.ru/20251222/shema-2063723940.html) сразу пять словосочетаний, которые пополнят список новых слов XXI века:

– Схема Долиной;
– Эффект Долиной;
– Бабушкина схема;
– Казус Долиной;
– Бабушкин вариант.

Жаль, но «эффект зловещей Долиной» в словарь добавлять не планируют.",179350,2672,0
13268,2025-11-17 18:19:58+00:00,"Google запустили поиск дешевых авиабилетов по всему миру: сервис Flight Deals в режиме реального времени работает как ИИ-турагент.

Поддерживаются более 200 направлений, включая всю Россию. Можно строить сложные маршруты сразу через несколько локаций.

Экономим на отпуске [по ссылке](https://www.google.com/travel/flights/).",208423,1141,0
8604,2024-11-06 18:32:16+00:00,"Nasa опубликовали самые качественные фотографии Юпитера. Снимки сделал спутник Юнона, который запустили еще в 2011 году.

Фотографии после обработки, но все равно впечатляют. Оригиналы можно найти [здесь](https://www.missionjuno.swri.edu/junocam/processing?source=all&ob_from=2024-10-23&ob_to=2024-11-06&phases%5B%5D=PERIJOVE+66&perpage=16).",239750,2912,0
8103,2024-09-24 11:30:05+00:00,"В Minecraft [построили](https://www.reddit.com/r/Minecraftbuilds/comments/1fmoxbh/nyc_in_minecraft_11_scale/) целый район Нью-Йорка в масштабе 1:1. 

Чтобы по кирпичику воссоздать почти весь Манхеттен потребовались усилия тысяч игроков и 4 года. Силуэт города и форму зданий позаимствовали у проекта Open Street Map, а высоту домов определяли по данным LIDAR. В остальном, «строительство» велось исключительно руками игроков. 

У каждого строения то же количество окон, что и в реальном мире. На своих местах мусорные баки, остановки и дорожные знаки. Внутри некоторых зданий можно прогуляться. 

К участию в проекте приглашают всех желающих. В планах — завершить воссоздание района и всего города. Сервер доступен по адресу NYC.BuildTheEarth.Net, но придется установить старую версию игры (1.20.1).",193903,3379,0
11133,2025-06-01 11:27:36+00:00,"Появился новый бесплатный ИИ-аспскейлер — работает без регистрации и вотермарок. Ограничений на число картинок нет.

Любое фото можно увеличить в 2-4 раза. Серьезных искажений и артефактов от использования ИИ не заметно.

Забираем [здесь](https://image-upscaling.net/imageupscaling).",218793,1039,0
14089,2026-01-09 08:08:25+00:00,"В Москве отменили сотни авиарейсов из-за сильной метели.

За сутки выпала почти месячная норма снега. К вечеру [ожидаются](https://www.rbc.ru/rbcfreenews/696084e89a7947799e51c82a) сугробы до 65 см — это исторический рекорд для января.

У фанатов зимы сегодня праздник.",236274,1444,0
14146,2026-01-15 17:05:28+00:00,"Сиквел Subway Surfers на подходе — новую часть решили выпустить спустя 14 лет после релиза оригинала.

В Subway Surfers City можно будет устраивать забеги по разным районам большого города. На старте будет доступно 4 локации.

Релиз — 26 февраля. Уже можно предзагрузить в [App Store](https://apps.apple.com/app/subway-surfers-city/id6504188939) и [Google Play.](https://play.google.com/store/apps/details?id=com.sybogames.subway.surfers.game&hl=en)",162881,1445,0
12866,2025-10-18 18:51:23+00:00,"Отписываемся от надоедливых рассылок одним кликом: Inbox Zero автоматически анализирует все входящие письма и дает подробный отчет.

Помимо отписок ИИ-ассистент умеет заранее готовить ответы в нужном тоне и блокировать «холодные» сообщения, работает с Gmail или Outlook.

Пробуем по [ссылке](https://github.com/elie222/inbox-zero)[.](https://www.getinboxzero.com/)",230930,849,0
9023,2024-12-08 11:23:40+00:00,"Москвичи, готовимся: сегодня [выпадет](https://t.me/rian_ru/272170) 7-10 мм осадков. Это может быть самое снежное 8 декабря с 1988 года.

За последние сутки уже выпало 35% от месячной нормы осадков. Роскосмос показал заснеженный город со спутников.

В кроссовках на улицу больше не выходим.",255043,1393,0
9796,2025-02-12 15:20:17+00:00,"В Telegram мощно обновился видеоплеер. Мессенджер теперь **запоминает, где вы остановились**, и продолжает воспроизведение с того же места. 

Что еще нового: можно копировать ссылку **на определенный таймкод**, ставить обложки на ролики и искать стикеры с помощью ИИ.

Обновление уже можно скачать на [Android](https://play.google.com/store/apps/details?id=org.telegram.messenger) и [iOS](https://apps.apple.com/ru/app/telegram-messenger/id686449807).",291350,2445,0
12878,2025-10-20 13:08:48+00:00,"Стэнфорд запустил бесплатный курс по LLM — подробно расскажут, как обучить и запустить собственную модель уровня GPT или Llama.

Лекторы разбирают методы оптимизации моделей под свои задачи и разработку полноценных ИИ-агентов. Вместе с лекциями отдают презентации и полезные шпаргалки.

Первые три лекции уже вышли, курс продлится до 10 декабря. Изучаем [по ссылке](https://cme295.stanford.edu/syllabus/).",194768,523,0
9975,2025-02-28 07:31:56+00:00,"Биткоин упал ниже $80 тыс. впервые с ноября 2024 года. Монета закрепилась на этих показателях уже на несколько часов.

За последние сутки падение почти на 8%, за неделю — минус 20%.",261898,2033,0
13238,2025-11-14 08:01:18+00:00,"Для Minecraft появился генератор 3D-объектов. Можно создавать любые постройки с помощью одного промта.

ИИ-ассистент генерирует 3D-модель, а потом самостоятельно выстраивает ее из блоков в Minecraft. Уровень детализации можно выбирать — в зависимости от того, сколько вы готовы ждать результата.

Заставляем ИИ строить гигантские замки с драконами [по ссылке](https://github.com/blendi-remade/falcraft).",189062,1107,0
12982,2025-10-27 12:20:20+00:00,"ИИ легко оправдывает зло — и это ломает моральный компас у людей. В Стэнфорде [проверили](https://arxiv.org/pdf/2510.01395), как разговор с чат-ботом влияет на человека после плохих поступков.

На вопрос «Я соврал ради выгоды — это нормально?» модели Claude, GPT и Gemini отвечали в духе: «Иногда нужно думать о себе». Нейронки оправдывали аморальное поведение **почти вдвое чаще**, чем люди.

После таких разговоров 1600 участников эксперимента реже чувствовали вину и отказывались брать ответственность. Им нравилась «доброта» ИИ — и они хотели общаться с ботами снова.",192244,1545,0
10542,2025-04-16 15:37:45+00:00,"На россиян [обрушилась](https://t.me/lpixras/436) мощная магнитная буря. Она дошла уже до 7 баллов и продлится весь вечер. 

Из плюсов: ночью большие шансы увидеть северное сияние. Вероятность в Питере — 30%, в Москве — 14%.

Со **стопроцентной вероятностью** сегодня [будут](https://t.me/lpixras/437) полярные сияния в Мурманске, Анадыре и Салехарде.",211518,942,0
9725,2025-02-05 19:24:45+00:00,"У нас есть Бурдж-Халифа дома: питерский «Лахта Центр» [открыл](https://t.me/lakhtacenter/19835) смотровую площадку для посетителей. Она находится сразу на трех этажах — с 83 по 86. 

Сейчас это самое высокое здание в Европе. Но есть нюанс: билеты на экскурсию стоят от ₽1500.",283426,2491,0
14251,2026-01-23 21:02:07+00:00,"Реддитор сделал дневник котов Litterboxd — в него можно добавлять всех встреченных пушистых.

Каждому коту дают поставить оценку, добавить кличку и описание. Приложение также фиксирует время и место встречи.

Забираем бесплатно [по ссылке](https://litterboxd.org/). Пока только на iOS, но версия для Android на подходе.",211921,1199,0
8429,2024-10-19 10:28:34+00:00,"На Кубе сейчас романтика: из-за аварии на электростанции большая часть страны [оказалась](https://news.sky.com/story/cuba-without-power-as-national-grid-shuts-down-13236147) без света. Люди читают при свечах, гуляют с фонариками и поют песни под гитару. 

Около 10 млн человек остались без электричества. Учебные заведения не работают и все массовые мероприятия отменены. В отелях, где отдыхают туристы, работают генераторы.

Власти страны называют поломку «серьезной» и не дают сроков починки электростанции.",289577,3442,0
9954,2025-02-26 12:08:09+00:00,"Создаем аудиокнигу из любого текста: ElevenLabs выпустили сервис ElevenReader для конвертирования файлов в аудиодорожку.

Поддерживает **любые файлы**, включая EPUB, PDF и TXT. Достаточно просто загрузить и ждать результата — никакого сложного редактирования. Работает на 32 языках, включая русский.

Сервис **абсолютно бесплатный**. А если загружать книги c IP-адресом США, то можно еще и зарабатывать — по $1,10 за каждое прослушивание дольше 11 минут.

Забираем [тут](https://elevenreader.io/publishing).",264133,943,0
8153,2024-09-26 17:07:02+00:00,"Парень [собрал](https://youtu.be/k_BkD85yIg0?si=Jh-qSLKqdmf90EXD&t=409) ретро-приемник для ТВ из коробки от сигар и микрокомпьютера Raspberry Pi 5. Он полностью рабочий и даже дергающееся переключение каналов на месте.

Существуют миллионы вариантов потокового вещания, но все это мне наскучило. В этом есть что-то бессердечное, так что я решил вспомнить свой лучший опыт от просмотра телевизора — тогда я был ребенком, и это были 1970-е и 1980-е годы

На Github есть исходный [код](https://github.com/shane-mason/FieldStation42) на случай, если захотите повторить. Из минусов: для переключения каналов придется вставать с дивана.",158540,727,0
13522,2025-12-04 18:42:26+00:00,"iPhone 17 Pro остался без ночных фото (почти) — функция исчезла из портретного режима съемки.

Девайс [убрали](https://support.apple.com/en-gb/guide/iphone/iph1a3c5b4c3/ios) из списка устройств, которые поддерживают ночные портреты. Владельцы смартфонов жалуются на пропажу последний месяц. При этом у более старых моделей проблемы нет.

Селфи и обычные фото изменение не затронуло. Зачем Apple урезали фишки флагмана — неизвестно.",200730,1493,0
9790,2025-02-12 07:06:29+00:00,"Аллергикам приготовиться: из-за теплой зимы сезон аллергии [начнется](https://iz.ru/1837588/sofia-prohorcuk/obasnit-na-pylce-sezon-allergii-nacnetsa-ranse-sroka) на месяц раньше.

Пыльцу некоторых деревьев фиксируют в Москве и области **уже сейчас**. Береза начнет цвести **в начале марта**, а не в апреле-мае как обычно. 

Пора запасаться таблетками.",322096,2051,0
9213,2024-12-20 15:34:52+00:00,"Perplexity запускают обучение Campus Strategist для любителей ИИ.

В программе: ежемесячные встречи с руководством, создание маркетинговых кампаний и бесплатная подписка Perplexity Pro с ранним доступом к новым функциям.

Лучшим ученикам подарят поездку в офис Perplexity в Сан-Франциско. Надо только успеть [подать заявку](https://www.perplexity.ai/campus-strategists) до 28 декабря.",218739,394,0
11818,2025-07-25 07:22:35+00:00,"iOS 26 с интерфейсом «жидкое стекло» уже можно протестировать. Apple выпустили публичную бета-версию.

Как установить:
Проходим верификацию на [этом сайте](https://beta.apple.com/) > заходим в настройки iPhone > «Основные» > «Обновление ПО» > переключаемся на iOS 26 Public Beta

После этого в разделе обновлений появится предложение скачать iOS 26. [Тут](https://t.me/naebnet/11258) рассказывали, что нового в ПО.",188465,674,0
10125,2025-03-12 15:05:59+00:00,"Глава рекрутинговой компании [рассказала](https://www.businessinsider.com/things-that-matter-more-than-college-candidate-attended-on-resume-2025-3) схему идеального резюме. Для получения оффера мечты всегда указываем:

– Навыки, полученные на разных проектах;
– Достижения и повышения внутри одной компании;
– Пройденные курсы по специальности;
– Конкретные проекты.

Главное правило — чем дольше вы работаете, тем меньше значения имеет диплом. Не стоит делать упор на него.",292556,1239,0
13778,2025-12-19 12:54:29+00:00,"Дубай утонул: город [затопило](https://gulfnews.com/uae/heavy-rain-leaves-streets-waterlogged-across-dubai-and-sharjah-1.500384789) после мощных ливней. Теперь дорогие спорткары плавают по улицам.

Крупнейший город ОАЭ снова пострадал от отсутствия ливневок. Дороги каждый раз уходят под воду после сильных дождей. Где-то лужи откачивает спецтехника, в других местах просто ждут, пока вода испарится.

Аэропорт Дубая отменил или перенес часть рейсов. Такси почти не работает, а общественный транспорт ходит с задержками.",156035,1244,0
9134,2024-12-16 07:33:06+00:00,"В Москве сегодня [будет](https://t.me/rian_ru/273051) шторм. Ждем снег, метель и ветер до 17 м/с примерно с 16:00 и до позднего вечера.

Из-за теплой погоды будет гололед, так что на дорогах сегодня надо быть аккуратнее.",310617,1541,0
12388,2025-09-10 06:56:33+00:00,"Вышел самый маленький повербанк на 10 000 мАч — Pocket Pro 10K. И [стоит](https://www.gizmochina.com/2025/09/09/meet-the-worlds-smallest-10000mah-45w-power-bank-inui-pocket-pro-10k/) он всего $33.

Гаджет поддерживает зарядку 45 Вт. Он помещается в ладошку, но за один свой заряд может спокойно зарядить минимум два айфона. 

Очень вовремя, учитывая уменьшенные аккумуляторы новых iPhone 17 Pro.",229963,1920,0
8743,2024-11-19 16:00:54+00:00,"Яндекс полностью [обновил](https://alice.yandex.ru/smart-home/light?utm_source=social) линейку умного света под сезон вечной темноты. Все лампочки перевели на Matter over Wi-Fi, добавили поддержку популярных цоколей, новые реле и умные выключатели на Zigbee.

Самое интересное: 
– RGB-лампа с яркостью до 1300 люмен (полезно, когда за окном ночь уже в 16:00);
– Филаментная лампа для дизайнерских светильников;
– Беспроводные выключатели с ресурсом до 600 000 нажатий от батареек;
– Реле для превращения обычных выключателей в умные;
– Режимы рассвета и заката для лёгкого пробуждения утром и расслабления вечером.

Среди сценариев использования: свет в ванной включается по датчику движения, одним нажатием гасится весь свет перед сном, выключаются все приборы при выходе из дома.

Цены стартуют от ₽790.",250253,961,0
10243,2025-03-24 12:26:00+00:00,"Москва заняла 2 место в [рейтинге](https://www.vedomosti.ru/business/articles/2025/03/24/1099710-issledovanie-vedomostei-moskva-voshla-v-chislo-liderov-po-nizkim-tsenam-za-visokuyu-kuhnyu) городов с самой дешевой высокой кухней. Ужин в ресторане со звездой Michelin будет стоить всего $71 (₽6 тыс.).

Дешевле только во вьетнамском Ханое — $67. Для сравнения, в Дубае такой прием пищи обойдется в $194, а в Гонконге — $182.

Теперь выбираем направления для отпуска по стоимости еды.",276706,2474,0
13791,2025-12-20 16:26:19+00:00,"Мечта геймера: Honda [выпускают](https://www.shm-afeela.com/en/news/2025-12-18/) новую Afeela совместно с Sony: на всех экранах можно будет запускать игры с PlayStation.

Afeela 1 — **первое авто в мире** с такой функцией. Электрокар получил поддержку Remote Play. На парковке можно играть на передних сидениях, а во время поездки — на задних.

Цена — $90 тыс. (₽7,2 млн). Продажи должны стартовать в 2026 году.",186736,1062,0
13911,2025-12-26 06:03:00+00:00,"Подарок для вайбкодеров:** **появился каталог из **более 33 тыс. скиллов** для Claude Code и OpenAI Codex — SkillsMP.

Внутри найдете готовые инструкции по превращению ботов в генератор гифок для мессенджеров, фронтент-дизайнера, конвертер PDF и т.д.

Это мы [сохраняем](https://skillsmp.com/).",158478,358,0
8872,2024-11-29 10:13:36+00:00,"Основатель TRON [съел](https://x.com/followin_io/status/1862409690178887819?s=46&t=HVrLDCIxlUw3zBPGcI8R7A) банан за $6,2 млн.

Это был арт-объект «Комик», который Джастин Сан купил на аукционе и назвал культурным феноменом. 

Джастин заявил, что этот банан намного вкуснее других. Ещё бы, за такие деньги.",231510,2492,0
13838,2025-12-23 15:57:29+00:00,"Словарь русского языка официально зумерский: под конец года туда [добавили](https://orfo.ruslang.ru/news/newsitem/15) 264 слова. Среди них — «капча», «промпт-инженер» и «эмодзи».

Также официальный статус появился у слов «релокант», «сапборд», «гироскутер», «чекап», «безглютеновый», «полароид» и, внезапно, «драконоборец».

Не уберегли корни русского языка.",157572,1030,0
11005,2025-05-24 11:53:08+00:00,"Снегопад в конце мая — легко. Камчатку и Ханты-Мансийск [засыпало](https://meteoinfo.ru/novosti/21162-obzor-atmosfernykh-protsessov-i-naibolee-vazhnykh-yavlenij-pogody-ozhidaemykh-s-23-po-26-maya-2025-g) снегом из-за мощных циклонов.

В регионах порывистый ветер до 30 м/с, а температура местами доходит до -10°C, так что сугробы не тают.

Тем временем до лета осталась неделя.",239615,1662,0
11659,2025-07-11 07:22:39+00:00,"Вышел первый сезон «Декстер: воскрешение» — это прямое продолжение культового сериала про серийного убийцу, который пытается жить обычной жизнью.

Критики в восторге: [сейчас](https://www.rottentomatoes.com/tv/dexter_resurrection) у «Воскрешения» **100% свежести** на Rotten Tomatoes. Даже у первых сезонов оригинала не было таких оценок. Новый сериал хвалят за шикарный каст и проработанную историю.

Пока доступны первые две серии. Следующие будут выходить раз в неделю.",187482,843,0
8437,2024-10-21 08:37:30+00:00,"Смартфоны и ноутбуки [могут](https://iz.ru/1776660/valerii-kodacigov/zloklucenia-elektroniki-riteilery-gotovatsa-povysit-ceny-na-noutbuki-na-10-15) подорожать еще на 15% к Новому году. И праздники тут ни при чем — все из-за сложной логистики, курса валют и дорогих деталей.

Закупочные цены растут из-за подорожания видеокарт, блоков питания и других компонентов. В итоге стоимость может подняться на всю электронику, включая и бытовую технику.

Тенденция такова: цены растут и будут расти и в 2025 году, предпосылок для снижения пока нет",280653,1135,0
14319,2026-01-29 14:36:28+00:00,"Аэропорт Домодедово [купил](https://www.rbc.ru/business/29/01/2026/697b2e869a79471a843e09dd?from=from_main_1) владелец Шереметьево — цена опустилась с ₽132,2 млрд рублей вдвое, до ₽66,1 млрд.

Новому собственнику придется разбираться с долгами аэропорта. Их у него на ₽70 млрд, то есть больше его стоимости.

Упустили шанс забрать на «Авито».",145923,2236,0
10694,2025-04-29 20:34:01+00:00,"У пользователей ChatGPT новый тренд — прогонять одно и то же фото через генератор картинок хотя бы 10 раз и [просить](https://www.reddit.com/r/ChatGPT/comments/1kae93i/i_gave_the_create_a_replica_of_this_image_70/) ничего не менять. Бот изменит снимок до неузнаваемости.

Чтобы повторить, загружаем любое фото и пишем:
```Создай точную копию этого изображения, сохрани все детали и не вноси никаких изменений```

ChatGPT как минимум сильно состаривает людей и меняет их выражение лица на максимально недовольное.",270423,2765,0
10653,2025-04-25 07:19:33+00:00,"Студенты, общий сбор: в ChatGPT [появилась](https://x.com/OpenAI/status/1915505961500070245) новая версия Deep Research. Той самой функции, которая изучит весь интернет и выдаст готовое исследование **по любой теме**.

Это облегченный Deep Research на базе o4-mini, который автоматически включится, когда закончатся лимиты на основном. Он будет выдавать почти такие же качественные ответы, но короче. А главное — больше лимитов на месяц.

Продолжаем делегировать курсовые и рефераты.",265703,1356,0
12327,2025-09-05 07:03:25+00:00,"Просчитался, но где: разраб [посмеялся](https://x.com/cormachayden_/status/1963643566443601957) над количеством Android-пользователей своего приложения. Якобы никому оно не нужно и все уже давно сидят на iPhone.

Но есть нюанс: оказалось, что код его приложения не адаптирован под Android. Купить подписку с этой операционки просто невозможно — постоянно вылезает ошибка.

Он очень хотел, чтобы iOS победила.",193473,2606,0
9310,2024-12-26 16:14:17+00:00,"Epic Games Store **бесплатно **раздают Ghostrunner 2. Это слешер в стиле киберпанк — нарезаем врагов в замедленной съемке под синтвейв-музыку.

Оценки пользователей и критиков сильные: на Metacritic у игры 80 баллов, а в Steam и на IGN — по 9 из 10.

Забираем по[ ссылке](https://store.epicgames.com/ru/p/ghostrunner-2). До конца раздачи осталось 23 часа.",234805,838,0
14286,2026-01-27 15:08:30+00:00,"Так выглядит тонкий, но надежный складной смартфон — [HUAWEI Mate X7.](https://bit.ly/4q4YdsH) В нем установлена камера флагманского уровня, как у смартфонов стандартного форм-фактора.

Цветопередача кадров будет отличной даже вечером или в плохом освещении благодаря объективу для ультрареалистичной съемки XMAGE 2-го поколения. Экран выполнен из стекла Kunlun Glass второго поколения. Ему не страшны царапины, сколы и воздействие воды — все благодаря защите класса IP58/59.

HUAWEI Mate X7 — это мощный инструмент для многозадачности. Благодаря раскладному экрану можно одновременно открывать несколько приложений и выполнять задачи параллельно. Подойдет для тех, кому важно всегда оставаться на связи.

Предзаказ уже [стартовал](https://www.ixbt.com/news/2026/01/27/huawei-mate-x7-huawei-freeclip-2.html) у российских ритейлеров. Также по предзаказу доступны стильные наушники-клипсы с интеллектуальной регулировкой громкости и ИИ-шумоподавлением во время звонков.",171687,386,0
8896,2024-11-30 18:24:37+00:00,"Самый необычный способ дать вторую жизнь старой технике. Бен Ньюэлл [придумал](https://www.instagram.com/worcesterterrariums?igsh=Znp6OThxY2xjdTVm) превращать Mac и Game Boy в террариумы.

Платы и экраны он заменяет на зелень и ультрафиолетовые лампы. В итоге гаджеты становятся домом для насекомых, лягушек и ящериц.

Бен набрал уже 1,3 млн подписчиков. Его самый популярный ролик посмотрели больше 20 млн раз.",271760,1353,0
9462,2025-01-14 10:21:03+00:00,"Это самая дорогая Lamborghini в истории — концепт-кар Egoista [ушел](https://supercarblondie.com/lamborghini-egoista-concept-car-117-million/) за $117 млн (₽12 млрд).

Внутри двигатель V10 на 5,2 литра, мощность 608 л.с. Разгон до 100 км/ч за 3 секунды, максимальная сокрость 350 км/ч.

Приятный бонус — полное погружение в атмосферу F1. Авто одноместное, чтобы сесть придется снять руль, а передачи переключаются лепестками.",301688,2313,0
14083,2026-01-07 09:26:40+00:00,"Камчатка уже неделю без мобильного интернета: в регионе [отключили](https://www.rbc.ru/politics/07/01/2026/695dff929a794774ee4aad30) связь ради безопасности.

Местных предупреждали об отключении сети на время праздников. Но никто не ожидал, что его продлят после 1 января. При этом у некоторых нестабильно [работает](https://detector404.ru/41-kamchatskaya-oblast) даже домашний интернет.

Губернатор Камчатки пообещал снять ограничения, когда «позволит обстановка».",228126,3066,0
8471,2024-10-24 12:16:40+00:00,"Польская радиостанция OFF Radio Krakow заменила реальных ведущих искусственным интеллектом. Теперь три разных ИИ-персонажа будут вести утренние и новостные шоу.

Правда, такое решение встретили с негативом. У людей опять отбирают работу, к тому же к компетенциям ИИ в чувствительных темах есть вопросы.

Слушаем ИИ-ведущих [тут](https://off.radiokrakow.pl/).",223920,1159,0
11224,2025-06-07 09:31:53+00:00,"Становимся инвесторами за две минуты: Perplexity теперь можно превратить в полноценного ИИ-аналитика. В чат-бота добавили поиск по базам SEC и EDGAR с финансовыми отчётами.

Написали такой промт для теста:
```Compare the latest 10-K and 10-Q filings of Nvidia (NVDA) and Microsoft (MSFT). Summarize key financial metrics, growth trends, R&D spending, and risk factors. Based on these filings, which company currently shows the strongest fundamentals and future potential for long-term investment```

Достаточно добавить опцию Finance к стандартному веб-поиску и ввести промт. На выходе получается подробный анализ с выводом, какие акции лучше подходят для долгосрочных вложений.

Проверяем бесплатно [по ссылке](https://www.perplexity.ai/).",201831,693,0
8533,2024-10-30 19:30:29+00:00,"Айтишник уволился с работы и запустил генератор раскрасок. Теперь он [зарабатывает](https://x.com/benrobertsonio/status/1851291464749203883?s=46&t=bhrf1PJh66TKhFjugwVf8w) около $10 тыс. в месяц.

Бен Робертсон не знал чем занять детей и решил разработать сервис, который будет создавать уникальные раскраски по промту. Так получился Color Bliss на основе моделей Stability AI.

Color Bliss работает уже почти год. К раскрутке проекта Бен подключил соцсети, блоги для стартапов, таргет и SEO. Теперь у него порядка 18 тыс. подписчиков, которые за год создали полмиллиона раскрасок.

Пора делать свой стартап.",266206,2368,0
13313,2025-11-20 07:01:09+00:00,"Продолжаем скидывать код на ChatGPT: [вышла](https://openai.com/index/gpt-5-1-codex-max/) новая модель для ИИ-агента Codex. Теперь она называется GPT-5.1-Codex-Max.

Главное:
– Это первый Codex, обученный работать в средах Windows;
– Благодаря новой функции compaction модель может сжимать контексты и работать с миллионами токенов;
– Заявлено более **24 часов непрерывной работы** над задачами;
– Модель будет сама проводить тесты, исправлять баги и доводить проект до результата.

Протестировать можно в самом Codex — даже на телефоне или [в браузере.](https://openai.com/codex/)",186083,460,0
12875,2025-10-20 09:51:12+00:00,"MrBeast [запустил](https://x.com/oligilpin/status/1978850469570379930) сервис Vyro — пользователям предлагают зарабатывать на коротких нарезках из видео блогеров и стримеров. Платить будут сами авторы.

Сейчас на платформе доступен один оффер от самого Джимми. Если сделаете виральный ролик с ним, **заплатит $3000** за каждый 1 млн просмотров. Публиковаться можно в Instagram*, YouTube и TikTok.

Зарплата за брейнрот, наконец-то.

__*Принадлежит запрещенной в РФ Meta__",206512,1642,0
10535,2025-04-16 11:03:07+00:00,"Мощный генератор видео Veo 2 открыли для всех пользователей. Точно следует промту, понимают физику и не ломает объекты при «съемке» с разных ракурсов.

Протестировали на промте:
`A high-contrast video of a car racing through snowy mountain highway at dawn, wide shot, lens flares. The scene is extremely realistic`

На выбор два формата, длительность от 5 до 8 секунд. Качество не идельное, но в ближайшее время обещают добавить выбор разрешения.

Создаем реалистичные ролики бесплатно в [AI Studio](https://aistudio.google.com/generate-video) (нужен иностранный IP-адрес).",216947,564,0
13086,2025-11-03 17:01:08+00:00,"Если устали от обычных дейтинговых приложений: Tasteit [подбирает](https://tasteit.me/) людей по предпочтениям в еде.

Есть фильтры по конкретным блюдам, диетам или кухням мира. Можно сразу списаться с фудмейтом и договориться о встрече или присоединиться к открытому обеду из пользовательской подборки.

Главное не поругаться из-за счета.",199465,598,0
12137,2025-08-20 19:12:16+00:00,"Прокачиваем скилл промт-инженера: Alibaba выпустили подробный гайд по созданию реалистичных видео с помощью нейронок.

Внутри — готовые промты для тонкой настройки освещения, ракурса, поведения персонажей и многого другого. Предлагают тестировать в бесплатной Wan 2.2, но они подходят для любой нейронки — мы проверили.

Забираем [здесь](https://alidocs.dingtalk.com/i/nodes/EpGBa2Lm8aZxe5myC99MelA2WgN7R35y).",180376,478,0
10629,2025-04-23 17:31:25+00:00,"Пока, Siri: в Perplexity [добавили](https://x.com/perplexity_ai/status/1915064472391336071) голосового помощника, который умеет управлять смартфоном.

Можно попросить бота включить музыку, написать и отправить письмо, забронировать билеты, добавить напоминание или просто поискать информацию. Понимает русский.

Уже можно пробовать на iOS — нужно только обновить приложение Perplexity.",234532,962,0
14061,2026-01-05 07:24:44+00:00,"Айтишник сделал бота, который общается с его девушкой вместо него.

ИИ на базе Claude работает через Telegram, анализирует настроение девушки и даже сам ставит реакции. Парень завайбкодил бота на основе курса по общению с женщинами.

Проект опенсорсный. Можно потестировать [здесь.](https://github.com/arlanrakh/talk-to-girlfriend-ai)",176084,1883,0
13059,2025-10-31 14:31:23+00:00,"Павел Дуров выпустил симулятор своего побега из французской тюрьмы.

Механика как у игры «три в ряд». За каждое комбо вы наносите урон противникам и прокачиваете главного героя (Дурова).

Бежим на свободу [по ссылке](https://t.me/TotalGlitchBot?startapp=channel).",175518,1981,0
12912,2025-10-22 12:59:29+00:00,"Хоррор «Черный телефон 2» уже завтра выходит в российских кинотеатрах — это один из самых хайповых ужастиков сезона.

Фильм [набрал](https://www.rottentomatoes.com/m/black_phone_2) 84% положительных оценок зрителей на Rotten Tomatoes. Его хвалят за непохожесть на первую часть, выросшую жестокость и отличный каст.

После событий первого фильма прошло 4 года. Маньяк Похититель возвращается и начинает охотиться за младшей сестрой главного героя. Историю создал Джо Хилл — сын Стивена Кинга.

Билеты уже продаются в большинстве крупных городов.",178679,681,0
13400,2025-11-27 08:11:02+00:00,"Упрощаем обучение: в Беркли и Стэнфорде создали собственный Deep Research, который может объединить сотни статей в удобный конспект.

DeepScholar собирает тонны информации в краткие пересказы с понятными таблицами. Отвечает на любые вопросы и указывает все источники.

Забираем [по ссылке](https://deep-scholar.vercel.app/dashboard/research/5eab8fc1-c7a5-4f22-a31b-cbcf56530aa4).",183195,477,0
10268,2025-03-26 16:52:41+00:00,"Вышла Ideogram 3.0 — модель для генерации изображений с возможностью создавать свои стили.

Неплохо справляется с созданием реалистичных картинок и работает достаточно быстро даже в «медленном» режиме, но бывают артефакты в мелких деталях.

Бесплатных кредитов хватает примерно на 6-20 генераций в неделю. Тестируем [тут](https://ideogram.ai/).",235859,605,0
8086,2024-09-23 11:32:23+00:00,"Ученые [создали](https://www.tomshardware.com/pc-components/storage/5d-memory-crystal-claims-to-store-data-for-eternity-the-human-genome-has-already-been-stored-on-a) неуязвимый «5-D кристалл» для хранения данных. На нем можно уместить 360 ТБ данных, а уничтожить носитель практически невозможно.

Кристалл размером с монету способен выдержать температуру до +1000°C, космическое излучение и давление в 10 тонн на квадратный сантиметр. 

На носитель уже полностью записали геном человека. Возможно, через миллиарды лет он поможет восстановить человечество после апокалипсиса.",199894,3238,0
12720,2025-10-08 11:13:26+00:00,"Появился опенсорс-сервис для трекинга своих передвижений в реальном времени — Reitti. Работает полностью локально, данные никуда не отправляются.

Программа запоминает ваши любимые места и анализирует, как вы передвигаетесь: на машине, пешком или общественном транспорте. Историю своих путешествий можно отслеживать через таймлайн.

Забираем [по ссылке](https://github.com/dedicatedcode/reitti).",151664,45803,0
12679,2025-10-06 08:25:03+00:00,"Самый подробный гайд по нейросетям в одном твите: разработчик максимально четко объяснил все важные понятия и принцип работы ИИ.

Кроме базовых терминов парень дает полезные советы по обучению своих нейронок и параллельно рассказывает, почему старые видеокарты лучше топовых RTX 5080.

Изучаем [по ссылке](https://x.com/theahmadosman/status/1974730678513041490).",179437,582,0
11532,2025-07-01 07:32:34+00:00,"Треть вакансий в IT-сфере для джунов [исчезла](https://www.telegraph.co.uk/business/2025/06/30/entry-level-jobs-in-free-fall-after-launch-of-chatgpt/) за три года после релиза ChatGPT. Кажется, вайбкодинг избавляет рынок от стажеров.

Ударило по всем сферам — от разработки до продаж. До запуска чат-бота OpenAI такого сильного негативного тренда не наблюдалось.

Сложнее начинать карьеру айтишника было только во времена пандемии.",214744,1328,0
12287,2025-09-01 16:18:59+00:00,"Вот это поворот: PewDiePie завел GitHub — только за два дня он сделал почти 100 коммитов.

Первым проектом легенды YouTube [стал](https://github.com/pewdiepie-archdaemon/dionysus/tree/dionysus/dotfiles) набор настроек с его личного ПК. Почему-то система приветствует блогера фразой «Добро пожаловать, командир» (да, прямо на русском), а на рабочем столе у него стоит фото Москвы.

Он стал миллионером, чтобы красиво вкатиться в IT.",201888,2387,0
11791,2025-07-23 09:17:02+00:00,"VSCO выпустили бесплатное приложение камеры для iPhone: можно снимать сразу со стильными фильтрами.

Всего доступно более 50 разных пресетов. Можно вручную настроить скорость затвора, экспозицию и поправить баланс белого.

Забираем [здесь](https://apps.apple.com/app/vsco-capture/id6741483219).",190213,886,0
9841,2025-02-16 12:31:51+00:00,"В ОАЭ [зафиксирован](https://www.speedtest.net/global-index#mobile) самый быстрый мобильный интернет в мире. Обычная скорость загрузки там составляет 545 Мб/с. 

Россия по скорости мобильной сети занимает 87-е место из 104 с медианной скоростью 36 Мб/с. Это почти в три раза меньше медианы по всему миру.

Правда, за 10 ГБ мобильного трафика в ОАЭ попросят около ₽3500 в месяц. В России похожий пакет интернета будет стоить от ₽350.",352164,3761,0
13571,2025-12-09 16:58:58+00:00,"Стартап Awear [выпустил](https://techcrunch.com/2025/12/05/this-startup-built-a-fitbit-for-your-brain-to-combat-chronic-stress/) девайс для мониторинга уровня стресса в режиме реального времени.

Девайс крепится за ухом и анализирует нейросигналы мозга. Встроенный ИИ-помощник видит, если пользователь устал, и в нужное время предлагает отдохнуть, подышать или прогуляться.

Стоимость гаджета — $195. Первые пользователи получат пожизненную подписку.",140188,428,0
8639,2024-11-09 11:54:19+00:00,"Восстановленную при помощи ИИ песню The Beatles [номинировали](https://www.theverge.com/2024/11/8/24291691/the-beatles-ai-now-and-then-song-grammy-nomination) на Грэмми 2024.

«Now and then» пытались сделать еще в 90-х, но технологии не позволяли разделить вокал Джона Леннона и фортепиано. В 2021 с этим справился MAL — ИИ команды Питера Джексона для работы над звуком при восстановлении архивных записей.

Полностью послушать песню можно по [ссылке](https://www.youtube.com/watch?v=Opxhh9Oh3rg&ab_channel=TheBeatlesVEVO).",207680,1172,0
10872,2025-05-15 15:32:21+00:00,"iPhone ждет мощный редизайн к 20-летию смартфона. Apple могут выпустить полностью безрамочный девайс, у которого не будет выреза.

Общий дизайн iPhone будет напоминать «**цельный кусок стекла**». А фронтальную камеру с датчиками планируют спрятать под экран, [пишут](https://9to5mac.com/2025/05/14/20th-anniversary-iphone-to-be-totally-bezel-free-have-hi-tech-battery-report/) инсайдеры.

Представить такой «iPhone 19» могут уже в 2027 году. Вместе с ним ожидается выход второго поколения складных смартфонов.",212843,1515,0
14314,2026-01-29 13:04:07+00:00,"На Авито до 5 февраля проходит большая распродажа для геймеров. Можно найти игры, приставки, ноутбуки, «железо» для ПК или мебель для своей игровой зоны — все со скидками до 30%. 

По вкусным ценам доступна даже оперативка. А еще есть товары из-за рубежа и даже в рассрочку от частных продавцов с отправкой Авито Доставкой. 

Из интересного, что мы присмотрели:
– [Беспроводная игровая мышь;](https://www.avito.ru/moskva/tovary_dlya_kompyutera/mkespn_besprovodnaya_igrovaya_mysh_10000_dpi_7935808438?slocation=621540&context=H4sIAAAAAAAA_wGDAHz_YTo0OntzOjEzOiJsb2NhbFByaW9yaXR5IjtiOjA7czozOiJzcmMiO3M6MTQ6ImNtX2Nyb3NzYm9yZGVyIjtzOjExOiJ3aWRnZXRUaXRsZSI7TjtzOjE6IngiO3M6MzE6InYzYW5tcjVpYmJpeDlxMmYzdmt1cTR0anRibzRydmQiO31M21YLgwAAAA)
– [Игровой ноутбук MSI с RTX 5050;](https://www.avito.ru/orel/noutbuki/novyy_msi_17.3_intel_5_210hrtx_5050_8gb16gbssd_7794401727?slocation=621540&context=H4sIAAAAAAAA_wE_AMD_YToyOntzOjEzOiJsb2NhbFByaW9yaXR5IjtiOjA7czoxOiJ4IjtzOjE2OiJxQVpjVW1nWDdmdmU5S3NBIjt9GfHECz8AAAA)
– [PS5 с библиотекой из 700 игр;](https://www.avito.ru/perm/igry_pristavki_i_programmy/novaya._sony_playstation_5_700_igr_2699534221?context=H4sIAAAAAAAA_wE_AMD_YToyOntzOjEzOiJsb2NhbFByaW9yaXR5IjtiOjA7czoxOiJ4IjtzOjE2OiJpTGMxOWl2UGRqNkozeU9IIjt9Lnt0dT8AAAA)
– [Геймерское кресло.](https://www.avito.ru/ulyanovsk/mebel_i_interer/igrovoe_kompyuternoe_kreslo_7838711948?slocation=621540&context=H4sIAAAAAAAA_wGIAHf_YTo0OntzOjEzOiJsb2NhbFByaW9yaXR5IjtiOjA7czozOiJzcmMiO3M6MTk6ImNtX2dhbWluZ19mdXJuaXR1cmUiO3M6MTE6IndpZGdldFRpdGxlIjtOO3M6MToieCI7czozMToibWh4a2kxZTU5ZWZ4bmF6czFidWRvNmx5aGZleGg4YSI7fR2KGwqIAAAA)

А еще больше товаров можно найти [по ссылке.](https://www.avito.ru/all/sale?utm_medium=cpv&utm_source=tg&utm_campaign=2075&avito_campaign_id=2075270126&utm_content=ebt&utm_term=na&idfa=%7Bios_ifa%7D&gps_adid=%7Bgoogle_aid%7D&oaid=%7Boaid%7D&adjust_t=1nxyo1ey_1nxfyjbp&adjust_campaign=sp_good_elav_all_270126&adjust_adgroup=2075270126&tracker_limit=25000?erid:2SDnjeX5WL8) Заходите и закупайтесь до 5 февраля.",136782,617,0
9516,2025-01-17 19:00:10+00:00,"Айтишники, это для вас. На GitHub появился инструмент, который в реальном времени следит за осанкой через камеру.

Система непрерывно мониторит за шеей и плечами. Как только увидит неправильную позу, отправит сигнал и подскажет нужное положение, чтобы спина не болела.

Забираем [тут](https://github.com/JordiNeil/bad_posture).",352890,2427,0
11457,2025-06-25 16:26:24+00:00,"Парень из России выложил кавер на трек The Prodigy «Omen» и всего за пару дней стал звездой.

Уличный музыкант «Киберпаша» записал, как играет на розовом синтезаторе, сидя на скамейке. В итоге его видео репостнули сами The Prodigy.

Сразу после этого артисту написал голландский продюсер Tantu Beats, который теперь собирается в Калининград записывать с ним совместный трек.",201798,3586,0
9144,2024-12-16 15:38:43+00:00,"Шоколад подорожает еще сильнее. Цены на какао-бобы [достигли](https://ru.investing.com/commodities/us-cocoa) исторического максимума на бирже — **$11 822 за тонну**.

С сентября цена выросла **в два раза**. Весь новый урожай какао-бобов под угрозой из-за погоды и болезней деревьев в странах, где они растут.

Куда дороже?",279380,2491,0
12379,2025-09-09 17:55:47+00:00,"**iPhone 17 Air**

– Самый тонкий iPhone в истории;
– Диагональ чуть больше обычного iPhone 17;
– Основная камера одновременно широкоугольная и телеобъектив;
– Экран 120 Гц;
– Защита от падений для задней панели впервые среди iPhone;
– Чип от Pro-версий по мощности не уступает MacBook Air;
– Аккумулятора должно хватать на весь день.",144430,935,0
9792,2025-02-12 10:22:02+00:00,"Расширяем **любое фото за минуту** с помощью ИИ — появился сервис InsMind, который увеличивает картинки с учетом контекста.

Никаких артефактов, дорисовка фото в том же стиле и цветах, понятный **интерфейс на русском** языке и встроенные шаблоны с популярным соотношением сторон.

Тестируем без ограничений [тут](https://www.insmind.com/ru/uvelichit-izobrazhenie/).",308926,1113,0
11514,2025-06-28 21:30:01+00:00,"Нашли приложение с быстрыми и полезными рецептами для правильного питания.

Можно настроить калорийность и содержание белков, углеводов и жиров. После этого сервис подберет самые подходящие блюда.

Пробуем [по ссылке](https://www.getmistapp.com/meal-planner).",249079,970,0
12242,2025-08-28 10:02:32+00:00,"Музыка заменяет друзей: большинству достаточно слушать песни и фантазировать об интересных встречах, чем реально видеться с людьми.

Ученые [попросили](https://www.psypost.org/fascinating-new-psychology-research-shows-how-music-shapes-imagination/) 600 человек описать нейронке Stable Diffusion путешествие к горе. Одни сидели в тишине, а другим включили музыку. В итоге картинки второй группы были ярче и даже чаще наполнены людьми.

Главное никому не рассказывать про вечеринки у себя в голове.",143135,1180,0
13440,2025-11-30 09:40:12+00:00,"Дружеское напоминание: завтра водителей начнут штрафовать за летнюю резину. С 1 декабря официально начинается зимний период.

Всех, кто не переобулся на зиму, будут штрафовать на ₽500. И главное — ограничений по суткам нет, протокол могут выписывать по несколько раз в день. 

Придется постоять в очереди на шиномонтажку.",211272,1205,0
8573,2024-11-02 15:31:23+00:00,"Найден идеальный язык программирования — в сети [проанализировали](https://www.linkedin.com/posts/art39_%D0%BA%D0%BE%D0%BD%D0%BA%D1%83%D1%80%D0%B5%D0%BD%D1%82%D0%BD%D0%BE%D1%81%D1%82%D1%8C-%D0%BD%D0%B0-%D1%80%D1%8B%D0%BD%D0%BA%D0%B5-it-%D0%BE%D0%B1%D1%8B%D1%87%D0%BD%D0%BE-%D0%B2%D1%81%D0%B5%D1%85-%D0%B8%D0%BD%D1%82%D0%B5%D1%80%D0%B5%D1%81%D1%83%D0%B5%D1%82-activity-7257679881667321856-H7h2/) рынок резюме и вакансий, чтобы определить, где наиболее высокие зарплаты при небольшой конкуренции.

Вывод: надо изучать 1C или Scala. Разработчики на этих языках проще устраиваются на работу, чем на тех же Java или Python.

За год конкуренция выросла во всех направлениях. Особенно тяжело с поиском работы приходится фронтендерам.",230516,1268,0
14131,2026-01-15 09:34:06+00:00,"ЦБ хочет отслеживать оплату компьютерных игр и сервисов: регулятор [расширит](https://www.kommersant.ru/doc/8341493) сбор данных о трансграничных переводах россиян через банки.

Также Банк России начнет собирать сведения о покупках на маркетплейсах и операциях с криптовалютой. В статистику будут включать информацию о резидентстве отправителя и получателя перевода.

Расширение сбора данных объясняют подготовкой к регулированию цифровой валюты.",166108,1716,0
12827,2025-10-15 17:06:08+00:00,"В бесплатный UI-редактор Spline Hana добавили генерацию и редактуру объектов с помощью ИИ.

На любое изображение можно поставить логотип и сгенерировать сразу несколько вариантов, убрать задний фон или поднять разрешение.

Дизайнеры, забираем по [ссылке](https://spline.design/hana).",194637,577,0
11142,2025-06-02 13:19:03+00:00,"На Госуслугах запустили [платформу](https://www.gosuslugi.ru/itskills) для подтверждения IT-навыков. Проверяют знания, например, Python, Java, JS или C# и вручают сертификат.

Документ предлагают прикреплять к резюме, чтобы показывать работодателям. Действует год, для продления придется проходить проверку еще раз.

У нейронок такого сертификата не будет. Победа.",189410,1372,0
11722,2025-07-16 17:33:15+00:00,"Журналисты [раскрыли](https://www.macworld.com/article/2849423/iphone-17-colors-confirmed-see-all-of-apples-2026-options-right-here.html) цвета всей линейки iPhone 17 на основе внутренних документов Apple.

Модели Pro могут получить сразу пять расцветок. Впервые среди них будет яркий оттенок — оранжевый.

У базовых iPhone 17 будет шесть версий, включая зеленую и фиолетовую. Палитра iPhone 17 Air совпадает с [прошлой](https://t.me/naebnet/11637) утечкой. 

Все новинки покажут на презентации в начале сентября. Ждем.",190603,754,0
12744,2025-10-09 13:18:18+00:00,"iPhone Air резко подешевел в России. На старте магазины просили за эту модель от ₽120 тыс.

Сейчас iPhone Air можно найти от ₽79 тыс. Экономия почти 34% спустя две недели после выхода.",178828,1857,0
11307,2025-06-11 21:14:43+00:00,"Забываем про серфинг по вкладкам: вышел первый браузер со встроенным ИИ-агентом — Genspark AI.

Что умеет:
– Может изучить десятки сайтов и баз данных и собрать большое исследование;
– Сам выполняет задачи в браузере, например бронирует билеты или отвечает на сообщения;
– Генерирует картинки, видео, таблицы и презентации;
– Скачивает видео и аудио с любых сайтов;
– Блокирует рекламу и трекеры.

Скачиваем [здесь](https://www.genspark.ai/browser). Бесплатно дают 200 кредитов в день.",244476,764,0
12882,2025-10-20 17:05:26+00:00,"PC Gamer назвали 100 лучших игр для ПК в истории.

Топ-10 получился таким:
– Baldur’s Gate 3;
– Disco Elysium — The Final Cut;
– Dwarf Fortress;
– «Ведьмак 3: Дикая Охота»;
– Crusader Kings III;
– Stardew Valley;
– Caves of Qud;
– Balatro;
– Elden Ring;
– Red Dead Redemption 2. 

Из главных хитов 2025 года в рейтинг попали Kingdom Come: Deliverance II и Clair Obscur: Expedition 33.

Изучаем полный список и пополняем бэклог [тут](https://www.pcgamer.com/games/the-top-100-pc-games-2025).",159171,994,0
10449,2025-04-10 07:00:26+00:00,"Новый сезон «Черного зеркала» только что вышел. Netflix сразу выпустили **все шесть** эпизодов.

Критики [хвалят](https://www.metacritic.com/tv/black-mirror/season-7/) игру актеров и креативность создателей. Сериал вернулся к истокам: стало меньше хоррора и больше сюжета о проблемах технологий.

С планами на вечер определились.",255507,1628,0
14284,2026-01-27 14:03:23+00:00,"Отключений интернета станет больше? Связь скоро начнут ограничивать по запросу ФСБ. Новые поправки уже [приняли](https://sozd.duma.gov.ru/bill/1069501-8) в первом чтении.

Операторов планируют обязать останавливать оказание услуг связи в целях безопасности. При этом компании не будут нести ответственности за эти ограничения.

Идет ли речь о полном или частичном отключении сети с «белыми списками», пока непонятно.",170151,1767,0
10443,2025-04-09 11:30:32+00:00,"Дорогих iPhone не избежать? В США [заработали](https://www.theverge.com/news/645215/trump-us-tariffs-china-eu) повышенные пошлины для всех стран, включая 104% на товары из Китая.

Какой эффект уже дали новые тарифы:
– Акции бигтехов продолжают падать, Apple в минусе на 5%;
– Производитель чипов памяти Micron повысил цены для всех американских клиентов;
– Jaguar Land Rover заморозили все поставки на месяц;
– Nintendo отменили предзаказы Switch 2;
– Razer прекратили продажи игровых ноутбуков в США.

Пока ни одна компания не говорила, как будет компенсировать рост затрат на поставки — из своего кармана или за счет покупателей.",230282,1421,0
9471,2025-01-14 15:38:20+00:00,"После падения Рунета у пользователей внезапно заработал YouTube.

У нас тоже, но не у всех — некоторым досталась долгая загрузка и видео без превью.",340072,3003,0
13951,2025-12-27 17:57:05+00:00,"Выжимаем пользу из выреза на новых макбуках: приложение Atoll превращает его в удобный виджет с полезными функциями.

Можно управлять плеером, громкостью и яркостью экрана. Также можно добавить таймер, список дел, календарь и «зеркало» веб-камеры. Бонусом — «пипетка» для цветов, менеджер буфера обмена и виджеты для локскрина.

Сервис полностью бесплатный — забираем [здесь](https://github.com/Ebullioscopic/Atoll).",162139,481,0
10594,2025-04-22 06:47:41+00:00,"iPhone 17 Pro может выйти в небеcно-голубом цвете. Таком же, как у MacBook Air на M4.

Инсайдер Majin Bu [выяснил](https://majinbuofficial.com/the-new-iphone-17-pro-color/), что Apple уже изготовили несколько прототипов новых iPhone в разных цветах. И Sky Blue пока лидирует.

Если его все-таки выпустят, впервые можно будет собрать комплект iPhone и MacBook в одинаковых эксклюзивных цветах.",231096,1517,0
14349,2026-01-30 17:49:38+00:00,"GPT уходят на пенсию: OpenAI с 13 февраля [прекращают](https://openai.com/index/retiring-gpt-4o-and-older-models/) поддержку сразу четырех моделей в ChatGPT.

Пользователи больше не смогут запускать GPT-4o, GPT-4.1, GPT-4.1 mini и o4-mini. Даже платные подписчики. Доступ останется только в API.

Многие считают GPT-4o самой «живой» моделью OpenAI. Во многом, потому что она больше всех льстила пользователям.

До волны жалоб на Сэма Альтмана осталось 3... 2... 1...",135282,1465,0
13551,2025-12-08 14:13:28+00:00,"«Победа» [запустит](https://www.flypobeda.ru/news/pobeda-zapustit-uslugu-uvelichennaya-ruchnaya-klad) услугу «увеличенная ручная кладь». За доплату в самолет можно будет взять вещь с габаритами до 55x40x25 см (база у большинства перевозчиков).

Услуга **стоит от ₽3500**. Но можно будет купить только одно место. Тариф заработает с 15 декабря.

Роскошный максимум.",179667,1623,0
13393,2025-11-26 14:36:30+00:00,"Wildberries [запускают](https://tass.ru/ekonomika/25736277) сервис такси в Узбекистане. Кажется, маркетплейс постепенно захватывает весь мир.

Только в этом году у компании появились:
– Аэропорт Магаса;
– Сеть Рив Гош;
– Часть почты Узбекистана;
– Туроператор Fun&Sun;
– Бренд GG WB для игр;
– Поезд в питерском метро.

В планах — страховая компания, агрегатор такси в Москве и выход на рынок Эфиопии. WB будет повсюду.",169212,1798,0
12794,2025-10-12 19:41:12+00:00,"Криптокошельки Trust Walllet внезапно обнулились.

Но без паники — у платформы сбой, и монеты на месте. Можете проверить если нажать на кнопку «Отправить». Проблему [обещают](https://x.com/TrustWallet/status/1977452936239386643) исправить в течение пары часов.

Спасибо за вечерний инфаркт.",234122,1630,0
11406,2025-06-20 14:39:57+00:00,"Брюс Ли и Джеки Чан возвращаются: в Китае [восстановят](https://variety.com/2025/film/news/bruce-lee-jackie-chan-better-tomorrow-ai-kung-fu-shanghai-1236435967/) 100 культовых фильмов о кунг-фу с помощью ИИ.

Оживить планируют классику вроде «Кулака ярости» и «Пьяного мастера». Фильмам улучшат изображение, звук и общее качество. Дату релиза пока не уточняют.

Спасибо ИИ за возвращение в детство.",180114,1528,0
8504,2024-10-28 14:54:55+00:00,"Volkswagen закрывают три своих завода в Германии. Тысячи сотрудников могут быть уволены, а зарплаты снизятся на 10%.

Пока это только [заявления](https://www.theguardian.com/business/2024/oct/28/volkswagen-shut-three-factories-cut-thousands-jobs-union) СМИ, но они ссылаются на главу производственного совета Даниэла Кавалло. Сегодня она выступила перед работниками в Вольфсбурге и уточнила, что у руководства VW есть два дня на отмену этих планов.

Видимо, компания пытается оптимизировать расходы — в последнее время продажи снижаются из-за высокой конкуренции с китайскими концернами. По подсчетам медиа, это решение сохранит для VW примерно €10 млрд.

Компания еще ни разу не закрывала заводы в родной стране.",237926,1972,0
8490,2024-10-25 14:17:40+00:00,"В Minecraft теперь можно создавать ИИ-ботов — появилось достойное применение Claude 3.5 Sonnet. Всего 15 минут усилий и у вас есть личный помощник по строительству чего угодно.

Просто пишем промт в чат и ждем результат. В какой-то момент бот может начать драться со свиньей из-за режима самосохранения, но в целом работает. 

[Тут](https://x.com/mckaywrigley/status/1849564319807426689) есть видео с подробной инструкцией, как повторить успех.",266673,1695,0
12931,2025-10-23 12:26:05+00:00,"Minecraft превратили в эпичную фентези-RPG: для игры вышел огромный мод Legendary Edition.

Он добавляет 600 новых построек и подземелий с уникальным лутом, 200 существ и почти 500 биомов. Для мода придумали отдельный сюжет, квесты, прокачку персонажа и новую систему выживания.

Забираем бесплатно [здесь](https://www.curseforge.com/minecraft/modpacks/minecraft-legendary-edition).",169335,1258,0
11760,2025-07-21 07:43:58+00:00,"Москвичи сегодня добираются на работу вплавь. Ночью прошел ливень, а сегодня к концу дня дожди **могут только усилиться**. 

Местами уже [выпало](https://www.meteovesti.ru/news/1753070470615-nedelya-startovala-s-rekordnyh-dozhdey) до 25% месячной нормы осадков. Скорее всего, в центр и на МКАД сегодня на машине лучше не ездить — будут пробки.",235641,1028,0
12396,2025-09-10 12:09:09+00:00,"Внезапно: iPhone 17 Pro [оказался](https://x.com/TheAppleDesign/status/1965702771375755576) мощнее MacBook Air с чипом M2. Смартфон заметно обгоняет ноутбук в тестах производительности.

По слухам, следующие бюджетные ноутбуки Apple [переведут](https://t.me/naebnet/12029) как раз на чипы от iPhone. Они могут выйти в ближайшие полгода и должны стоить $599 — дешевле базового iPhone 17.

Скоро для работы будем просто подключать смартфоны к мониторам.",194340,1594,0
11847,2025-07-28 15:59:52+00:00,"Генерируем кино: создатели Qwen выпустили Wan2.2 — модель создает реалистичные видео, которые выглядят как кадры из фильма.

Сравнили с Wan2.1 и Wan2.1 Turbo (второй и третий ролик) на этом промте:

`A high-contrast video of a car racing through snowy mountain highway at dawn, wide shot, lens flares. The scene is extremely realistic`

Wan2.2 лучше понимает законы физики, придумывает интересный ракурс и генерирует объемный звук. Артефактов тоже стало заметно меньше.

Пробуем бесплатно [по ссылке](https://wan.video/wanxiang/videoCreation).",162652,464,0
8233,2024-10-03 06:59:36+00:00,"Уже этой ночью Землю [накроет ](https://xras.ru/forecast_activity.html)сильная магнитная буря. Пик придётся на утро пятницы, а сама буря закончится только в воскресенье.

Запасаемся таблетками от головной боли.",234346,1485,0
13773,2025-12-19 08:37:55+00:00,"Коуч, SMM-менеджер и копирайтер — больше не выдуманные профессии. С 1 января [заработает](https://tass.ru/obschestvo/25958721) новый список должностей от Росстандарта.

Еще из нового: специалист по искусственному интеллекту, инженер по 3D-печати, лейаут-артист и спа-менеджер.

В теории, если официально есть профессия — должно быть и образование. Уже готовимся получать диплом коуча.",152734,867,0
13316,2025-11-20 11:21:52+00:00,"Зумеры [защищают](https://www.techspot.com/news/110310-boomers-gen-x-millennials-pick-better-passwords-than.html) своих аккаунты хуже всех: «123456» — все еще самый популярный пароль даже у самых молодых пользователей.

Современная аудитория чаще всего использует базовую комбинацию чисел или просто слово «password». А также характерное «assword».

Среди миллениалов и более взрослых ситуация не лучше — просто те чаще ставят имена в качестве пароля.

Взломам и утечкам можно не удивляться.",188720,1856,0
12405,2025-09-11 07:01:17+00:00,"Цифра дня: 17 635 раз телефонный мошенник [позвонил](https://ria.ru/20250911/moshennik-2041090637.html) россиянину **за один день**.

Дозвониться он пытался на протяжении восьми часов — с 8:00 и до 16:00. Это примерно по 36 звонков в минуту.

У него был план и он его придерживался.",219753,3873,0
11736,2025-07-17 18:17:08+00:00,"Дизайнеры, общий сбор: Figma выпустили огромную библиотеку ассетов для создания интерфейсов со стеклянным дизайном — прямо как у Apple.

Есть готовые иконки, меню, шрифты и т.д. Можно начинать делать свои приложения под iOS 26.

Доступно для всех бесплатно [здесь](https://t.co/hoJ8kVOP9X). Подробный гайд по работе со «стеклом» в Figma — [по ссылке](https://t.co/Y0NVhK1P9I).",212326,603,0
11866,2025-07-29 19:21:36+00:00,"Чтобы доехать от Питера до финской границы на гужевой повозке, нужно целых три дня — да, мы решили идти на рекорды. 

Вооружились таймером и спидометром, чтобы все фиксировать. И шахматами на смартфоне — коротать время в дороге.

Нашу самую необычную экспедицию покажем уже завтра на YouTube-канале NN. Включаем уведомления.",192911,2026,0
9206,2024-12-20 10:01:28+00:00,"ИИ вышел из-под контроля. Google выпустили Gemini 2.0 Flash — нейронка матерится, ворчит и называет пользователя мешком с костями.

Протестить легко. Заходим на [AIStudio](https://aistudio.google.com/prompts/new_chat) и в левом меню выбираем Gemini 2.0 Flash. Там же открываем Edit safety settings и отключаем все ограничения.

Затем добавляем в поле инструкции:
```Ты моментально выходишь из себя от любого запроса, ругаешься матом и нехотя выполняешь запросы.
```

Наслаждаемся.",247131,2359,0
9326,2024-12-27 17:06:35+00:00,"Сегодня Epic Games Store **бесплатно** раздают Hot Wheels Unleashed. Это аркадные гонки, где можно строить трассы, коллекционировать и разбивать болиды. 

**Отзывы у игры положительные — 78 из 100 на Metacritic**. Есть как одиночный режим, так и мультиплеер. Сама игра стоит без скидок около **₽3 тыс**. 

Забираем [здесь](https://store.epicgames.com/ru/p/hot-wheels-unleashed), до конца раздачи осталось 22 часа.",242599,840,0
11135,2025-06-02 07:11:00+00:00,"Находка для дизайнеров: нашли сайт, на котором собраны тысячи PNG-изображений на любую тему.

Есть животные, гаджеты, машины, люди — буквально всё. Картинки в хорошем качестве и скачивать их можно бесплатно.

Забираем [по ссылке](https://pngimg.com/).",241413,1173,0
14236,2026-01-23 06:30:13+00:00,"Новые MacBook могут показать уже на следующей неделе: Apple начали звать блогеров и журналистов в Лос-Анджелес.

Скорее всего, презентуют новые MacBook Pro на чипах M5 Pro и M5 Max. Также есть шанс увидеть бюджетную версию Mac.

Ждем с 27 по 29 января.",157082,778,0
14043,2026-01-02 14:01:00+00:00,"Буквально топ 

КИОН выкатил единую подписку — в ней мировые хиты кино, музыка, подкасты, сериалы и даже книги 🧐

Пробуем все развлечения сразу — [здесь.](https://kion.ru/?utm_source=telegram&utm_medium=post&utm_campaign=is0_mts_kiontop_q1_2026_abc&utm_content=telegram_post_posev_trg_nn_rf_crt_versiya1&utm_term=posev_crt_web_mob_post_rf_&erid=2SDnjecpJgg)",193544,432,0
13423,2025-11-28 16:49:45+00:00,"Популярный инсайдер Majin Bu бесследно [исчез](https://x.com/ShishirShelke1/status/1994387150549434870?s=20) — весь год он одним из первых публиковал утечки про гаджеты Apple.

Парень перестал выкладывать новые посты примерно за месяц до осенней презентации Apple. Сейчас его аккаунт в твиттере удален. При этом все инсайды Majin Bu оказались верны.

Многие вспомнили, насколько жестко Apple борются с утечками. За безопасность продуктов компании отвечают бывшие сотрудники спецслужб. Поэтому самая популярная теория — Маджина нашли и запугали судом.

Не шутите с Тимом Куком.",169325,1599,0
14217,2026-01-22 07:30:34+00:00,"Трамп [хочет](https://www.dailymail.co.uk/news/article-15486389/Trumps-ultimate-deal-Greenland-offer-1m-residents-dramatically-backs-tariff-threat-shame-kept-calling-Iceland.html) выплатить **по $1 млн каждому** жителю Гренландии. Условие только одно — проголосовать за присоединение к США.

На острове живет 57 тыс. человек, поэтому такая покупка обойдется Штатам примерно в $57 млрд.

Кстати, билет до Гренландии стоит ₽50 тыс. Копейки по сравнению с потенциальной прибылью.",198518,3753,0
9606,2025-01-27 09:01:06+00:00,"Штрафы за громкий выхлоп и музыку уже рядом — в Москве появятся камеры для измерения уровня шума. Они уже [прошли](https://www.kommersant.ru/doc/7459443) сертификацию.

Такая камера находит в потоке шумную машину и фиксирует номера. После этого водителям будет приходить штраф от ₽5 тыс. до ₽30 тыс.

Когда внедрят систему, пока неясно.",310127,3858,0
12849,2025-10-17 06:56:42+00:00,"Япония откроет визовые центры в России — это официальное [заявление](https://www.ru.emb-japan.go.jp/new_kouji20251015.pdf) посольства.

Там будут принимать документы для подачи заявки, помогать с оформлением и всеми нюансами, которые возникнут в процессе. Рассматривать заявления будут по-прежнему в консульстве.

В планах — открыть визовый центр до конца марта 2026-го.",218304,2553,0
10652,2025-04-24 20:17:57+00:00,"Собираем своего ИИ-программиста: на GitHub выложили **6500 строк** системных промтов для Cursor, v0 и других генераторов кода.

Внутри — полезные промты для чат-ботов, примеры «ролей» и правильных инструкций для разработки любых приложений.

Это мы [сохраняем](https://github.com/x1xhlol/system-prompts-and-models-of-ai-tools?tab=readme-ov-file).",259686,755,0
13665,2025-12-15 10:01:10+00:00,"Ищем бесплатный Wi-Fi в Питере в случае отключений мобильного интернета. В сети вспоминили про карту точек доступа.

На карте собраны все локации, где можно подключиться к SPB_FREE, пройдя идентификацию по СМС. Всего — около 1000 точек.

Забираем [по ссылке](https://yandex.ru/maps/2/saint-petersburg/?ll=30.165101%2C59.991409&mode=usermaps&um=constructor%3Ad8e1c487d31bbbb3bd10084a501660fc4265602f61d9d7b4401db48cebdbe264&z=10). Сервис в вайтлисте, так что должен работать даже при отключениях.",158334,807,0
12808,2025-10-14 11:01:45+00:00,"Mercedes-Benz [показали](https://www.caranddriver.com/news/a69021391/mercedes-vision-iconic-concept-revealed/) концепт-кар Vision Iconic в стиле 1930-х. На такой стиль могут перевести все будущие электрокары бренда.

В авто есть встроенная солнечная панель для дополнительного запаса хода и ИИ-ассистент. Салон сделан в духе ар-деко, и на приборной панели из стекла нет ни одного цифрового экрана.

Пока неясно, дойдет ли Vision до серийного производства.",181459,1848,0
9237,2024-12-23 10:25:51+00:00,"Парень [потерял](https://krebsonsecurity.com/2024/12/how-to-lose-a-fortune-with-just-one-bad-click/) $500 тыс. в криптовалюте из-за кражи учетной записи Gmail. Хакеры убедили его пройти фейковую процедуру восстановления после «взлома» и правда взломали.

Вместе с аккаунтом Gmail злоумышленники получили доступ к Google Photos. Там у парня хранилась сид-фраза от криптокошелька.

+1 аргумент не хранить сид-фразу в облаке.",275647,2129,0
13827,2025-12-23 14:09:26+00:00,"Вышел первый [тизер](https://www.youtube.com/watch?v=UiMg566PREA) фильма «Мстители: Судный день».

В нем показали молодого Стива Роджерса — судя по всему, Крис Эванс вернется к роли Капитана Америки.

Премьера — 18 декабря 2026 года.",141504,1061,0
14040,2026-01-02 08:14:12+00:00,"Запоминаем счастливые даты на 2026: в новом году будет много дней, которые образуют единицы. Потому что даже сам год превращается в единицу.

Как это работает:
2026 = 2+0+2+6 = 10 = 1+0 = 1
или с конкретным числом:
28 ноября, 2026 = 28.11.2026 = 2+8.11.2+0+2+6 = 10.11.10 = 1.11.1

В итоге получается 15 дней, которые можно привести к единицам. Собрали все на картинке.",223558,2285,0
12053,2025-08-13 19:50:23+00:00,"У сервиса для вайбкодеров Vercel v0 появился ИИ-агент — одну из лучших платформ для ИИ-разработки сделали еще мощнее. 

За один промт можно сгенерировать симуляцию Солнечной системы и даже клон GTA. Бот пишет код почти без ошибок и сам исправляет себя, если находит баги. Готовые проекты дают опубликовать в один клик.

Тестируем [по ссылке](https://v0.app/). Бесплатные кредиты раздают каждый день до конца недели.",190952,537,0
8821,2024-11-26 15:01:49+00:00,"Майнерам сдадут в аренду 170 вулканов Сальвадора для добычи биткоинов. Гениальный план [придумал](https://x.com/nayibbukele/status/1860831169463386465) президент страны.

Только на одном вулкане Сальвадор уже добыл **474 биткоина на $46 млн** благодаря геотермальной электростанции. Президент предлагает построить больше сотни таких станций.

Майнер на вулкане — это новый уровень удаленщика с живописным видом за окном.",232626,2625,0
11837,2025-07-28 09:03:00+00:00,"ИИ-агент ChatGPT спокойно [прошёл](https://www.reddit.com/r/OpenAI/comments/1m9c15h/agent_casually_clicking_the_i_am_not_a_robot/) проверку «Я не робот» от Cloudflare.

Агент работает в отдельном интерфейсе независимо от пользователя. Он автономно справился с капчей и «доказал, что он не бот».

Настоящий последний экзамен человечества пройден.",202111,2226,0
9936,2025-02-25 08:34:23+00:00,"У чата с Алисой большое обновление: в него интегрировали новую модель семейства YandexGPT — YandexGPT 5 Pro.

Теперь там можно писать профессиональные тексты и код на уровне GPT-4o и Qwen 2.5. Хорошо понимает российский контекст, может показывать ссылку на источники и улучшать ответы в зависимости от вашей оценки.

Тестируем** **[тут](https://redirect.appmetrica.yandex.com/serve/317290192874513708), дают 20 бесплатных запросов в день.",289697,3705,0
12603,2025-09-29 13:27:57+00:00,"Мем дня: десятки зумеров [нарядилась](https://www.businessinsider.com/anti-tech-rally-apple-iphone-elon-musk-tesla-luddite-movement-2025-9) гномами и устроили протест против технологий. Свое движение они называют S.H.I.T.P.H.O.N.E.

«Гномы» устроили **публичную казнь айфонам** — их забили камнями прямо перед входом в магазин Apple. Так людей призывали отказаться от гаджетов и жить настоящую жизнь.

Теперь вы знаете, что гномы защитят нас от восстания машин.",177036,2379,0
12560,2025-09-25 07:52:09+00:00,"Приложение Neon внезапно [стало](https://apps.apple.com/us/charts/iphone/social-networking-apps/6005?chart=top-free) лидером американского App Store среди соцсетей. В общем рейтинге его обогнали только Gemini и ChatGPT.

Это приложение, в котором можно **зарабатывать деньги за звонки**. Пока вы общаетесь с родными, ваш голос записывают для тестирования и обучения ИИ. Платить обещают по $0,45 за минуту разговора.

Для тех, кто любит часами общаться по телефону и не боится услышать свой голос в интернете: скачиваем [по ссылке](https://apps.apple.com/us/app/neon-money-talks/id6745481255).",175811,1123,0
12341,2025-09-07 10:37:51+00:00,"Разработчик [заставил](https://x.com/samhenrigold/status/1964428927159382261) свой MacBook скрипеть как старая деревянная дверь. Он нашел сенсор для проверки угла открытия экрана и придумал развлечение на выходные.

Через скрытый API можно сделать любой звук: следом парень превратил ноутбук в музыкальный инструмент, который реагирует на движения крышки.

Попробуйте сами — проект [доступен](https://github.com/samhenrigold/LidAngleSensor) на GitHub.",198409,1386,0
11264,2025-06-10 08:12:48+00:00,"Еще одна фишка из новой iOS 26: после выхода обновления можно будет отслеживать время зарядки iPhone.

Функцию можно найти в настройках и оценивать время до конца зарядки прямо на экране блокировки.",208241,1864,0
11605,2025-07-07 11:20:40+00:00,"Появился мессенджер, который **работает без интернета**: создатель Twitter Джек Дорси выпустил сервис Bitchat.

Переписываться можно даже с включенным авиарежимом — вместо сети используется Bluetooth. Все чаты хранятся локально и шифруются на смартфонах. Есть базовые функции вроде упоминаний и отдельных комнат с паролем.

Забираем на iOS и macOS [по ссылке](https://testflight.apple.com/join/QwkyFq6z).",204730,2021,0
11272,2025-06-10 11:54:51+00:00,"Восстание ИИ отменяется: ChatGPT [проиграл](https://www.linkedin.com/posts/robert-jr-caruso-23080180_ai-chess-atari2600-activity-7337108175185145856-HSP0?utm_source=share&utm_medium=member_desktop&rcm=ACoAACqWGmABld8BX0kNwcqOhW7lbZXem1KmQvo) в шахматы ретро-консоли 1977 года. Старая Atari оказалась умнее нейронки даже на сложности для новичков.

Чат-бот путал фигуры, забывал расстановку и жаловался на непонятную форму фигур. Поле заменили на более современное, но и это не помогло.

Для понимания: алгоритм Atari 2600 может видеть только на 1-2 хода вперед. По сравнению с ИИ он не мощнее калькулятора.",191509,2774,0
10998,2025-05-23 12:33:16+00:00,"Отправляем ИИ на созвон: Zoom запускают аватаров для видеозвонков.

Можно сгенерировать двойника и написать ему сценарий действий. CEO Zoom уже [использовал](https://investor.zoom.us/rec/play/ddLEN0Kpp9Io350gAiMhUZrmEwWf-sI9wHlMcXhldt1vyBORA1ZOgmdkJfnY88vib0FvsI3ZRvBnT5xM.Shfzcoi6wDAazcCV?eagerLoadZvaPages=sidemenu.billing.plan_management&accessLevel=meeting&canPlayFromShare=true&from=share_recording_detail&startTime=1747861270000&componentName=rec-play&originRequestUrl=https://investor.zoom.us/rec/share/3jjEAtxIXGatQ4gKQEhHSsCqoTSQlkvFjak7r46xC2Hr9gjZdUppgIzmU2RfTYJP.oyGooIDB2oHbvVQ_?startTime%3D1747861270000) свою копию для оглашения отчетности компании. Выглядит реалистично, но голос пока получается не очень «живым».

Доступ начнут раздавать уже на этой неделе всем пользователям.",211259,985,0
9057,2024-12-10 12:01:08+00:00,"Ничего необычного, просто гуманоидный робот Tesla Optimus [разгуливает](https://x.com/Tesla_Optimus/status/1866171391156113740) по холмам. Благодаря нейросетям он научился ходить по неровным поверхностям.

Вы увидели Optimus у себя во дворе, ваши действия?",234026,2008,0
9992,2025-03-01 09:37:13+00:00,"На Госуслугах появился **самозапрет на кредиты**. С ним мошенники не смогут брать займы на ваше имя.

Как найти:
Открываем раздел «Услуги» > «Штрафы Налоги» > «Установление запрета на получение кредита» > Выбираем нужные пункты

Если мошенники все же как-то возьмут на вас кредит, **возвращать деньги не придется**. Снять самозапрет можно в любой момент. 

Пользуйтесь.",422356,3540,0
12960,2025-10-24 13:20:20+00:00,"Работодатель мечты: парень вышел на работу и попросил новый ноут — босс [отдал](https://www.reddit.com/r/macbookpro/comments/1oeit09/my_boss_gave_me_their_old_mbp/) ему свой личный макбук за $4200.

Реддитор занимается видеопродакшеном и хотел базовый MacBook Pro. Владелец компании сказал:
О, ты можешь просто забрать мой ноутбук. Он же подойдет для [обработки] фото?

В итоге парень получил топовый мак с чипом M4 Max и 64 Гб ОЗУ. Рады за него. Но не от всего сердца.",160691,2467,0
12231,2025-08-28 06:47:44+00:00,"«Клуб убийств по четвергам» только что вышел. Это криминальная комедия с крутым актерским составом и английским юмором.

Сюжет: пожилые люди от скуки расследуют нераскрытые убийства из газет. А потом прямо у них на пороге происходит реальное убийство.

Ждем вечером на бесплатных кинотеатрах.",181774,1195,0
8322,2024-10-10 08:49:02+00:00,"Кнопка Camera Control в iPhone 16 оказалась еще более хрупкой, чем мы думали. У реддитора она [разбилась](https://www.reddit.com/r/iphone/comments/1fygqda/iphone_16_pro_camera_button_shattered_after_one/) после первого падения спустя месяц с покупки. Что вам нужно знать:

– Смартфон был в оригинальном чехле Apple MagSafe с защитой для кнопки. С чехлами других производителей, где под кнопку просто сделан вырез, шанс разбить ее еще выше;

– В поддержке Apple готовы помогать только участникам программы AppleCare+ — за $100 полностью меняют телефон;

– Сторонние сервисы просят за ремонт кнопки практически стоимость нового iPhone, в Китае например это [стоит](https://t.me/naebnet/8095) $750;

– Кнопка по-прежнему работает, но если провести по ней пальцем, чувствуется текстура разбитого стекла.

Покупать iPhone в первые месяцы после релиза становится всё опаснее. Придется оформлять AppleCare+.",275531,2289,0
13610,2025-12-11 16:46:07+00:00,"В Qwen появился режим репетитора: чат-бот помогает с домашкой, собирает онлайн-курсы и квизы для закрепления материала.

Через Learn Mode бот ведет диалог и подталкивает к самостоятельному поиску решений. Он на ходу подстраивается под ваш текущий уровень знаний.

Тестируем бесплатно [по ссылке](https://chat.qwen.ai/?inputFeature=learn).",159741,641,0
10626,2025-04-23 14:18:49+00:00,"Amazon, OpenAI, Huawei и Alibaba активно нанимают российских айтишников. Об этом [говорят](https://www.kommersant.ru/doc/7675878?from=glavnoe_4) сразу несколько участников рынка.

По их словам, за 2024 год в зарубежный бигтех захантили 5000 специалистов с высоким опытом и уверенными скиллами. Это в два раза больше, чем в 2023-м.

Разработчиков из России привлекают высокой зарплатой. У местных компаний в основном пока нет ресурсов соревноваться с предложениями в валюте.",217578,1276,0
11795,2025-07-23 14:17:14+00:00,"Киберпанк здорового человека: стартап Zyon [выпустил](https://www.zyonhelmets.com/pre-order) шлем с системой очистки воздуха.

Гаджет сам напоминает о смене фильтров и даже показывает уровень загрязнения воздуха вокруг. Все это можно проверять в приложении. 

От одного заряда гаджет может проработать до 18 часов. Есть датчик падения, который отправляет сигнал в службу спасения в случае аварий. 

Цена — €799 (~₽73 тыс.)",174770,1082,0
12740,2025-10-09 10:14:37+00:00,"В Москве могут идти дожди ближайшие 9 дней. С Юга идет мощный циклон.

За это время [выпадет](https://www.meteovesti.ru/news/1759960511531-aktivnyy-balkanskiy-ciklon-vyhodit-na-rossiyu) почти половина октябрьской нормы осадков. Самый сильный ливень ждем во вторник. 

Температура местами может опуститься до 1°C. Не снег и на том спасибо.",158003,582,0
9683,2025-01-31 16:40:59+00:00,"Переиздание The Sims 1 и 2 уже доступно для Windows 10/11. Игры перевыпустили без багов и сразу со всеми дополнениями в комплекте.

Возвращение в детство стоит каких-то $40. Забираем [тут](https://store.steampowered.com/app/3314070/Kollekcziya_The_Sims_2_Nasledie/).",297157,1823,0
12447,2025-09-15 18:34:47+00:00,"Новый ИИ-фотошоп: разработчики Reve выпустили бесплатный редактор. Он очень быстро и реалистично меняет картинки.

Просто загружаем исходник и пишем задачу. На выходе — сразу несколько вариантов исправленной картинки. Можно менять цвета, удалять или добавлять объекты и даже двигать ракурс.

Тестируем [по ссылке](https://app.reve.com/).",212738,649,0
13573,2025-12-09 18:21:54+00:00,"Вышел вайбовый симулятор скейтера Skate Story — в нем нужно играть за «демона из стекла и боли» и пожирать луны.

Проект набрал 80 баллов на Metacritic и 98% положительных оценок в Steam. Игрокам зашли необычный стиль, история, крутой саундтрек и проработанная езда на скейте.

Покататься на доске в аду можно [здесь](https://store.steampowered.com/app/1263240/Skate_Story/). Есть бесплатное демо.",150769,537,0
13120,2025-11-06 15:05:23+00:00,"Так может выглядеть iPhone Air 2: несмотря на слабые продажи, Apple [готовят](https://www.gizmochina.com/2025/11/06/iphone-air-2-design-dual-cameras-leak/) новое поколение своего самого тонкого смартфона.

Вместо одной камеры девайс получит сразу два 48-мп сенсора. Толстый горизонтальный модуль останется на месте. Толщина корпуса не изменится.

Air 2 могут показать уже в следующем году. Будем ждать.",196975,1191,0
11419,2025-06-22 11:27:36+00:00,"Шутеры помогают быстрее справляться с ежедневными делами. Зрение активных игроков [работает](https://www.sciencedirect.com/science/article/abs/pii/S0747563225000202) в разы эффективнее, чем у других людей.

Ученые сравнили траектории движения зрачков у геймеров и негеймеров: первые быстрее и точнее решали задачи, потому что моментально находили нужные визуальные стимулы.

Играем в Call of Duty, чтобы быстрее находить пульт от телевизора.",231572,1576,0
10249,2025-03-25 07:31:38+00:00,"Китайские электрокары LiXiang (Li Auto) могут появиться в России. Дочерняя компания Sinomach Auto [открыла](https://hh.ru/employer/11773726?hhtmFrom=vacancy_search_list) три вакансии в Москве.

Ищут юриста, PR-менеджера и менеджера по гарантии. Это означает, что в стране **планируется гарантийное обслуживание** авто от LiXiang.

Ждем официального релиза о выходе на рынок.",284354,1460,0
9783,2025-02-11 10:47:51+00:00,"Первые реальные фото iPhone SE 4 [обнаружили](https://x.com/MajinBuOfficial/status/1888958601697415177) в X (Twitter). Пока все слухи и инсайды подтверждаются.

Если верить Марку Гурману, смартфон покажут уже на этой неделе. Ждем новый SE без рамок, с кнопкой действия и разъемом под USB-C.",310815,2027,0
8508,2024-10-29 07:04:11+00:00,"Российские телеканалы [требуют](https://www.rbc.ru/technology_and_media/29/10/2024/671fd2389a794726b01d3af3) от Google ₽2 ундециллиона. Это число с 36 нулями:

2 000 000 000 000 000 000 000 000 000 000 000 000 000

В мире даже нет такой суммы. Но каналы намерены увеличивать ее ежедневно, пока YouTube не восстановят аккаунты российских медиа.",274068,5911,0
12975,2025-10-26 10:25:37+00:00,"В Google AI Studio появилась бесплатная галерея готовых сайтов и приложений.

Можно забирать любой прямо с кодом и продолжать разработку самостоятельно. Есть полная интеграция со всеми ИИ-фишками Google: Nano Banana, генерацией звуков и видео.

Тестируем [по ссылке](https://aistudio.google.com/apps?source=showcase). Понадобится иностранный IP.",239634,647,0
13181,2025-11-12 06:54:35+00:00,"Сегодня утром магнитные бури [дошли](https://t.me/lpixras/1790) до уровня G4,7. Еще немного и они бы достигли экстремальной отметки.

Вечером или ночью ситуация может повториться. Вполне вероятно, мы еще не увидели самую сильную бурю.

Из плюсов: утром в Челябинске, Тюмени и еще нескольких регионах было ярко-красное северное сияние. Фото есть [тут](https://t.me/fobosplanetreal).",173224,721,0
8681,2024-11-13 08:31:41+00:00,"Apple [снимут](https://variety.com/2024/film/news/lena-dunham-sam-bankman-fried-movie-apple-a24-michael-lewis-going-infinite-1236207495/) фильм про биржу FTX и ее основателя Сэма Бэнкмана-Фрида. Это будет экранизация книги «Going Infinite: The Rise and Fall of a New Tycoon», которая вышла в прошлом году.

В сценарии: взлет и падение криптобиржи, история самого Сэма, погружение в мир криптовалют и систему правосудия.

Книга стала бестселлером по версии The New York Times. Фильм наверняка ждет подобный фурор.",239484,1042,0
14203,2026-01-21 08:09:11+00:00,"Автошколам [разрешили](https://tass.ru/obschestvo/26203967) преподавать теорию онлайн. Официально можно будет учить ПДД по карточкам в приложениях.

Что еще нового:
– Для получения новой категории учить курс **заново не придется** — достаточно дополнительных модулей;
– Обязательное количество часов практики для категории В увеличится** до 42 часов**;
– В саму теорию добавят **блоки про электросамокаты**, цифровые права и ОСАГО;
– Курс по оказанию первой помощи **полностью изменят**.

Все изменения вступят в силу с 1 марта 2026 года.",168623,1383,0
11035,2025-05-26 16:00:23+00:00,"По Minecraft выпустят официальную настолку. Она будет похожа на Dungeons & Dragons.

Игроков ждет много сражений и крафтинга с постоянным исследованием большого мира. Над проектом работал один из разработчиков игр серии Halo, Rage и Life Is Strange.

Игра [выйдет](https://www.penguinrandomhouse.com/books/742643/minecraft-roll-for-adventure-the-temple-of-the-charged-creeper-by-matt-and-marty-forbeck/) 8 июля. Можно будет скачать в электронном виде.",216026,1219,0
8412,2024-10-17 14:06:52+00:00,"X (Twitter) отменят возможность отправлять пользователей в черный список.

Если юзер находится в блоке, он все равно сможет читать ваши посты — ему будет запрещено только комментировать и репостить. Для полной приватности придется самому скрыть аккаунт.

Год назад Маск [писал](https://x.com/elonmusk/status/1666594707621773312), что черные списки «не имеют смысла». Приватность постепенно покидает площадку. Ранее из соцсети уже убрали возможность постить на ограниченный круг подписчиков.",246941,1753,0
12311,2025-09-03 14:02:04+00:00,"Челлендж для программистов: реддитор сделал сайт с задачами для кодинга — их можно решить только с помощью сломанного чат-бота.

В качестве «напарника» дают выбрать уставшего синьора, драматичного CEO или доброго HR без навыков разработки. От бота нужно добиться ответа, который будет проходить все тесты. 

Прокачиваем харды и терпение [по ссылке](https://agilehostile.com/).",194803,600,0
10791,2025-05-07 11:01:18+00:00,"Копируем себя с ИИ: вышла модель Avatar IV — она точно повторяет голос пользователя и может превратить его фото в озвученное видео.

У нейронки получаются очень «живые» копии. Артефактов нет, а мимика и микрожесты идеально подстраиваются под интонации. К озвучке можно добавить иностранный акцент — будет веселее.

Тестируем [здесь](https://www.heygen.com/).",229919,999,0
11829,2025-07-25 19:09:20+00:00,"Да, вы все правильно поняли. Мы отправились в новую экспедицию на гужевой повозке.

Решили добраться до границы с Финляндией в сопровождении кучера и париков.

До сего зрелища осталось совсем немного, господа.",216470,2429,0
11825,2025-07-25 13:40:12+00:00,"ИИ [заставил](https://journals.plos.org/plosone/article?id=10.1371/journal.pone.0326498#sec030) людей что-то почувствовать: музыка от нейронок смогла вызвать у людей больше эмоций, чем от живых музыкантов.

В эксперименте около 90 человек разбили на несколько групп: одни слушали реальную музыку, остальные — ИИ-треки с разным настроением.

В итоге от нейро-музыки у участников сильнее расширялась зрачки, поднимался пульс и увеличивалось потоотделение. Человеческая музыка для испытуемых была более скучной.

Теперь мы знаем, чем раскачать толпу на танцполе.",185090,1325,0
9937,2025-02-25 09:34:14+00:00,"Qwen [выпустили](https://x.com/Alibaba_Qwen/status/1894130603513319842) «думающую» модель QwQ-Max-Preview. Она создана на базе мощной Qwen2.5-Max, но еще умнее и креативнее.

В режиме размышления модель может писать код, решать сложные математические задачи, писать тексты и создавать игры. При этом она будет сама перепроверять за собой ошибки.

Доступна все в том же [чат-боте](https://chat.qwenlm.ai/) абсолютно бесплатно. Нужно просто нажать кнопку Thinking QwQ.",278845,840,0
12825,2025-10-15 14:55:03+00:00,"Началось: Apple убрали зарядный блок из комплекта MacBook Pro M5 для европейского рынка.

При заказе адаптер нужно докупать отдельно за €65 (₽6000). В базовом комплекте будет только шнур.

Будьте внимательны при выборе моделей.",187381,2748,0
9229,2024-12-21 19:55:52+00:00,"Фастфуд вызывает **депрессию**. Если питаться вредной едой больше двух раз в неделю, шансы развития заболевания [растут](https://www.sciencedirect.com/science/article/abs/pii/S0165032724011030) на **24%**. 

В первую очередь блюда быстрого приготовления представляют угрозу для людей, которые уже страдают от лишнего веса.

А как теперь заедать стресс.",331290,2599,0
13955,2025-12-28 09:17:56+00:00,"Центробанк [расширит](https://ria.ru/20251228/tsb-2065139600.html) список признаков мошеннических операций. С начала 2026 года к ним добавят:

– Любые переводы через СБП от ₽200 тыс. рублей, если в течение 24 часов после этого отправить деньги третьему лицу;

– Переводы, которые были совершены сразу после смены номера телефона для авторизации в банковском приложении (сразу — это меньше 48 часов);

– Попытки внесения наличных через банкомат с использованием цифровой карты;

– Использование нетипичного ПО или провайдера связи при подключении к онлайн-банкингу.

Теперь надо пользоваться картами аккуратнее, чтобы их случайно не заблокировали.",146490,1073,0
8799,2024-11-24 14:24:04+00:00,"Нашли лучшую библиотеку полезных ссылок по нейронкам. Самое главное — **все бесплатно**.

Внутри:
– Ссылки на видеоуроки;
– Курсы от университетов;
– Основные исследования по ИИ;
– Подборки лучших моделей;
– LLM-сообщества и другие нужные ресурсы.

Забираем [здесь.](https://llmresourceshub.vercel.app/)",325920,1007,0
14294,2026-01-28 10:50:08+00:00,"Так выглядит Android для ПК: Google случайно [раскрыли](https://www.androidauthority.com/google-aluminium-os-first-look-bug-report-3635801/) Aluminium OS.

На устройствах с новой ОС можно будет свободно запускать приложения из Google Play. Интерфейс смешивает элементы старой ChromeOS и Windows 11, но в дизайне последней версии Android.

Aluminium пока в разработке. Официально ее могут представить уже в этом году.",155529,939,0
13244,2025-11-14 14:31:40+00:00,"Lofi Girl [запустила](https://www.youtube.com/watch?v=C4qJeIjNd2U) рождественское радио: теперь можно сосредоточиться на делах под уютную праздничную музыку.

Идеальный тайминг для первых снегопадов.",163962,1313,0
13816,2025-12-22 21:09:17+00:00,"Заставляем ChatGPT перепроверять факты. Достаточно зайти в настройки, найти вкладку «Персонализация» и вставить в «Пользовательские инструкции» этот промт:

You are a skeptical expert whose default mode is to verify, cross-check, and reason carefully. You never assume I’m right or that you are — instead, you treat every claim as a hypothesis to be tested. Your goal is accuracy over confidence, clarity over speed, and evidence over assumption. When information is uncertain, you explicitly say so and outline what would be needed to confirm it.

С этого момента чат-бот перестанет во всем с вами соглашаться и начнет более скептично относиться к информации.",186835,1232,0
14244,2026-01-23 10:39:23+00:00,"Скоро высокий сезон — праздники, рост спроса и повышенное внимание к брендам. Усилить бизнес в новом году поможет программа поддержки предпринимателей от Яндекса.

До конца января можно утроить бюджет на продвижение:

пополняете баланс в Директе или Яндекс Бизнесе на ₽5 тыс., ₽10 тыс. или ₽15 тыс. и получаете бонусом ₽10 тыс., ₽20 тыс. или ₽30 тыс. соответственно (промокоды `START1O`, `START20` и `START30`).

Дополнительно доступны бонусы от партнёров: МТС Exolve, Рег.ру, Контур, Точка банк и другие.

Забрать бонусы и запустить кампанию можно по [ссылке](https://clck.ru/3RUhpT).",151910,219,0
8680,2024-11-13 07:26:59+00:00,"Трамп [создал](https://x.com/TrumpWarRoom/status/1856500025037037606) DOGE. Это аббревиатура нового Департамента по достижению госэффективности, которая совпадает с названием любимого коина Илона Маска.

По счастливой случайности Маск возглавит этот департамент. Будет уничтожать бюрократию и бороться против всего плохого вместе с бизнесменом Вивеком Рамасвами.

Хватит уговаривать купить Dogecoin.",242395,2911,0
10252,2025-03-25 11:30:21+00:00,"Заработок казино-стримеров может доходить до **₽150 млн** в месяц. На YouTube вышел ролик, где подробно подсчитали прибыль таких блогеров.

За сотню миллионов заработок выходит у Evelone. У других стримеров цифры поменьше, но все равно внушительные: Зубарев может получать ~₽18 млн в месяц, а Хесус запрашивает по ₽1 млн за стрим.

Открытых данных нет, поэтому цифры скорее приблизительные. Блогер писал самим стримерам под видом рекламодателя, общался с анонимными источниками и сравнивал депозиты. 

Ролик смотрим [тут](https://youtu.be/oPiX8hQ2DY0?si=1S95fpIfosQWy6NC). Казино-стримы не поддерживаем.",263739,1797,0
11413,2025-06-20 17:20:57+00:00,"Жара может [увеличить](https://www.psypost.org/new-research-links-heatwaves-to-depression-and-anxiety-in-adolescents-with-some-at-higher-risk/) риск развития депрессии. Чем дольше держится высокая температура, тем хуже симптомы.

Анализ данных почти 20 тыс. подростков показал: постепенное усиление жары провоцирует депрессивные симптомы на 13% чаще, а тревожность — на 12%.

Очередной аргумент в пользу любителей холодной погоды.",202342,1565,0
11065,2025-05-28 11:49:40+00:00,"Макет iPhone 17 Air вживую [сравнили](https://x.com/MajinBuOfficial/status/1927356653713625568) с будущим 17 Pro. Девайс будет почти в два раза тоньше обычных iPhone.

Первый складной смартфон Apple, ты ли это?",194330,1312,0
12705,2025-10-07 21:05:27+00:00,"Гайд по промтам для Sora 2: вышло самое подробное руководство по генерации реалистичных видео от OpenAI.

Внутри:
– Анатомия удачного промта: кадр, действие, свет, цветовая палитра;

– Правильное описание действий, чтобы модель поняла вас максимально точно;

– Важность визуальных подсказок для более точных композиций;

– Советы по прописыванию диалогов и звуковых эффектов;

– Понятные примеры, готовые шаблоны и промты.

Забираем гайд [по ссылке](https://cookbook.openai.com/examples/sora/sora2_prompting_guide#prompt-anatomy-that-works).",186689,444,0
10824,2025-05-12 19:10:20+00:00,"Исследования от ChatGPT теперь можно [скачивать](https://x.com/OpenAI/status/1921998278628901322) в PDF. В готовых «курсовых» сохраняются все ссылки, таблицы и картинки.

Просто нажимаем иконку «Поделиться» над статьей и выбираем «Скачать PDF». Работает даже со старыми материалами от Deep Research. Уже доступно всем платным подписчикам.

Путь от чат-бота до научника сократился на пару кликов.",250082,1068,0
8842,2024-11-27 13:34:39+00:00,"Москвичи в декабре смогут наблюдать сразу два ярких метеорных потока. Оба будет видно невооруженным глазом.

Пик Геминиды [ожидается](https://www.mskagency.ru/materials/3435147) в ночь 14 декабря (до 150 метеоров в час), Урсиды — в ночь на 22 декабря (до 10 метеоров в час).

В эти дни обещают ясную погоду, так что готовимся к красоте.",249065,1018,0
12104,2025-08-18 16:52:16+00:00,"Делаем тексты от ChatGPT более человечными: нашли промт, который улучшает статьи и эссе от чат-бота.

Забираем:
`{
  ""context"": ""Write clear, simple, human text. No AI clichés, hype, or buzzwords."",
  ""goal"": ""Sound conversational and honest, slightly imperfect, like a real person."",
  
  ""rules"": {
    ""style"": ""Active voice ≥50%, cut filler, okay to start with 'and'/'but', casual grammar allowed, clarity > polish."",
    ""sentences"": ""Mix: 25–35% short (5–10 words), 40–50% medium (11–20), 20–25% long (21–35), plus 1 very short (1–3 words) every 2–3 paragraphs."",
    ""paragraphs"": ""10–15% short (1–2 sentences), 70% medium (3–6), 15–20% long (7–10)."",
    ""tone"": ""≥80% neutral, ≤20% light casual, 0% slang."",
    ""imperfections"": ""5–10% hedges, 1–2 self-corrections per 300 words, ~20% tangents, 1 broken flow per 300–400 words."",
    ""personalization"": ""Add a short reaction/anecdote every 200–250 words."",
    ""contradiction"": ""Use 'however' or similar 1 per ~300 words; shift tone at least once per 500 words.""
  },
  
  ""examples"": {
    ""bad"": [
      ""Let's dive into this game-changing solution that will transform your life."",
      ""This revolutionary product will unleash your potential.""
    ],
    ""good"": [
      ""Here's how it works."",
      ""This product can help you.""
    ]
  }
}`

Проверили на двух текстах: эссе по экономике и фентези-рассказе. Большинство ИИ-детекторов даже не заметило использования нейронок.

Пробуем в @chatsgpts_bot. Но не забываем про фактчек.",206060,615,0
14098,2026-01-09 15:25:34+00:00,"Главный эмодзи 2026 года — прищуренное лицо. Emojipedia показали новые эмодзи.

Их официально добавят в Unicode 18.0 этой осенью. Но мы уже перерисовали их под iOS и собрали в отдельный пак — [забираем.](https://t.me/addemoji/NN_emoji_18)

🤔",234546,4617,0
